N,P,K,temperature,humidity,ph,rainfall,label
86,74,61,34.11,55.99,4.62,99.16,Rice
88,93,65,33.16,55.39,4.87,89.29,Rice
90,87,66,33.46,54.89,4.41,104.35,Rice
81,89,51,31.86,58.28,5.19,94.62,Rice
83,85,61,31.1,55.83,4.88,90.94,Rice
88,78,48,33.73,55.38,4.76,107.7,Rice
76,85,65,33.1,57.9,4.77,90.57,Rice
78,82,61,31.47,49.66,4.52,98.39,Rice
91,85,68,31.14,57.02,4.43,94.49,Rice
77,78,60,31.98,50.47,4.79,97.62,Rice
87,76,65,34.71,56.39,4.79,98.25,Rice
90,88,60,32.3,53.21,4.84,109.05,Rice
76,78,53,32.1,55.98,4.92,93.67,Rice
80,78,65,34.49,51.13,4.66,96.51,Rice
93,91,54,31.66,56.36,4.92,97.24,Rice
75,89,60,34.18,52.65,5.05,93.28,Rice
93,89,48,31.15,56.22,5.21,107.77,Rice
91,89,55,32.15,57.57,4.71,92.37,Rice
78,90,51,32.61,53.04,4.75,102.21,Rice
85,81,68,34.35,49.38,5.26,103.51,Rice
75,81,49,31.75,55.71,4.62,104.91,Rice
91,78,68,31.81,52.66,4.62,98.3,Rice
75,83,57,33.59,56.94,5.2,98.66,Rice
81,78,60,31.58,51.93,5.06,108.5,Rice
83,80,64,31.98,53.46,4.94,101.16,Rice
92,92,51,34.43,55.55,5.16,99.76,Rice
74,90,68,31.11,55.73,4.94,91.92,Rice
73,78,66,32.45,52.58,4.79,105.53,Rice
82,86,58,31.33,55.91,4.43,94.65,Rice
89,85,53,31.58,51.96,4.62,92.54,Rice
87,88,62,32.16,57.99,4.46,96.75,Rice
74,89,67,31.33,56.26,4.61,101.1,Rice
93,90,57,31.9,50.99,5.08,99.81,Rice
92,88,57,33.76,50.63,5.27,96.05,Rice
78,82,58,31.6,53.68,4.9,93.09,Rice
80,81,61,34.52,55.59,4.98,103.94,Rice
73,84,48,31.02,55.91,4.58,102.86,Rice
82,82,59,34.61,55.26,5.38,100.98,Rice
86,74,63,31.4,56.14,4.83,100.26,Rice
84,76,53,34.25,52.04,4.78,97.18,Rice
78,92,55,32.28,56.1,5.23,93.12,Rice
79,76,64,34.73,50.03,5.28,99.07,Rice
88,87,51,34.47,48.67,4.64,108.02,Rice
83,83,64,31.13,53.33,4.88,101.24,Rice
80,89,60,34.56,56.02,5.38,106.46,Rice
90,79,57,34.66,53.45,4.84,108.54,Rice
74,74,53,31.94,49.91,4.73,93.64,Rice
79,86,65,32.25,56.67,4.69,99.64,Rice
77,78,67,33.78,49.87,5.02,92.34,Rice
90,91,68,33.27,49.32,4.93,105.99,Rice
79,92,68,33.34,55.39,4.47,92.6,Rice
76,88,48,33.05,55.72,4.69,107.4,Rice
81,76,49,31.61,54.43,5.01,106.66,Rice
91,78,66,34.26,57.13,4.56,89.68,Rice
86,87,50,32.9,55.45,4.55,93.98,Rice
77,92,65,34.04,53.42,4.97,109.02,Rice
82,78,56,33.49,51.41,4.42,95.25,Rice
78,80,65,34.37,54.88,4.84,105.27,Rice
93,77,49,33.55,51.66,4.58,97.88,Rice
75,76,48,31.49,54.26,4.98,101.32,Rice
76,85,61,31.47,54.21,5.1,100.08,Rice
78,84,54,31.73,56.42,4.61,100.41,Rice
92,77,49,33.7,57.33,4.59,92.58,Rice
81,77,50,31.16,49.52,4.63,98.38,Rice
91,87,56,34.88,50.07,5.37,103.81,Rice
87,76,50,33.67,56.06,5.1,98.51,Rice
84,73,56,34.5,51.41,5.03,107.06,Rice
90,76,48,31.83,55.66,4.73,91.37,Rice
73,74,51,31.13,52.08,5.09,101.42,Rice
73,76,48,33.56,54.08,4.77,99.15,Rice
88,80,62,31.61,57.27,4.41,97.23,Rice
81,89,59,33.57,52.69,5.36,107.45,Rice
81,79,54,31.07,49.7,5.1,96.09,Rice
86,93,52,32.91,56.44,5.02,90.21,Rice
82,77,50,31.42,57.88,5.17,98.18,Rice
90,77,55,34.45,48.83,4.55,97.58,Rice
86,78,49,33.93,49.32,5.18,102.97,Rice
86,81,60,31.27,53.99,5.35,92.01,Rice
79,81,51,34.28,51.65,5.39,95.43,Rice
78,88,53,33.88,50.98,4.72,90.61,Rice
83,73,61,30.97,56.9,4.8,96.46,Rice
75,92,55,34.55,56.66,4.78,100.63,Rice
84,78,50,32.19,50.79,5.07,101.52,Rice
91,79,63,32.82,49.96,4.43,94.16,Rice
85,81,64,30.99,58.3,4.86,98.22,Rice
86,80,58,33.77,53.73,5.39,99.49,Rice
83,77,65,32.76,49.0,5.35,107.83,Rice
85,91,52,34.8,57.4,4.68,100.1,Rice
87,92,48,34.59,55.16,5.03,107.05,Rice
76,89,60,32.43,48.38,5.09,106.73,Rice
85,89,50,34.67,48.94,5.15,100.03,Rice
83,83,60,31.03,48.88,5.14,99.87,Rice
78,82,56,33.23,51.41,4.52,97.24,Rice
86,74,53,31.58,57.32,5.03,97.64,Rice
81,74,52,32.02,48.56,5.15,95.29,Rice
90,88,53,34.1,53.85,5.28,91.01,Rice
73,85,51,32.0,56.4,5.37,98.35,Rice
90,75,50,32.01,54.97,4.79,101.22,Rice
80,91,63,34.36,57.86,4.53,101.32,Rice
74,76,57,32.32,48.97,4.77,96.62,Rice
41,92,118,24.17,91.93,8.69,164.59,Maize
33,95,130,25.54,87.83,8.26,172.91,Maize
24,93,125,26.53,90.39,7.96,166.7,Maize
26,83,129,26.73,89.55,8.36,172.84,Maize
28,82,117,24.48,88.26,8.0,175.11,Maize
24,83,129,26.75,92.46,8.24,170.16,Maize
28,89,116,26.62,91.8,8.73,160.74,Maize
33,97,123,26.87,82.99,8.44,160.36,Maize
32,87,120,24.1,86.71,8.49,164.31,Maize
34,94,127,26.87,85.56,8.3,171.29,Maize
36,84,117,27.6,87.26,8.18,168.09,Maize
26,91,133,23.86,91.1,8.01,170.6,Maize
22,90,118,24.75,86.37,8.07,164.0,Maize
26,80,113,25.51,84.36,8.12,175.43,Maize
34,88,132,25.07,90.29,8.66,168.62,Maize
36,96,125,26.62,88.2,8.63,161.93,Maize
35,82,124,26.3,83.26,8.47,158.44,Maize
21,89,114,25.11,88.8,7.98,164.71,Maize
37,87,131,24.17,87.05,8.66,162.03,Maize
36,88,129,27.72,83.73,8.1,161.66,Maize
21,85,127,26.39,89.19,8.16,173.83,Maize
23,87,119,27.29,88.54,8.13,163.68,Maize
32,77,127,27.33,83.23,8.76,169.59,Maize
23,80,123,26.78,89.44,8.13,175.59,Maize
35,92,123,27.1,85.09,8.48,168.29,Maize
36,78,117,24.11,90.81,8.11,169.11,Maize
28,82,128,23.75,84.14,8.19,170.82,Maize
40,87,115,26.92,91.25,8.26,161.61,Maize
31,93,126,24.92,89.99,8.61,166.3,Maize
33,78,114,23.97,86.18,8.57,164.32,Maize
23,92,124,26.22,90.45,8.32,164.57,Maize
37,92,131,25.03,87.33,8.02,174.17,Maize
39,96,120,26.72,87.33,8.83,158.89,Maize
37,90,115,25.36,90.52,8.3,163.9,Maize
29,83,130,25.94,89.39,8.1,173.53,Maize
29,79,127,26.21,89.86,8.1,171.92,Maize
30,82,133,24.1,90.27,8.83,164.24,Maize
32,90,122,25.23,82.76,8.61,173.26,Maize
21,77,133,25.46,89.32,8.87,169.75,Maize
22,88,125,24.24,83.64,8.47,174.46,Maize
30,91,126,26.34,92.34,8.38,170.16,Maize
25,94,113,23.91,83.24,8.65,160.96,Maize
38,94,118,23.84,85.93,8.66,160.71,Maize
29,85,116,26.71,85.41,8.89,175.01,Maize
30,85,116,27.68,92.12,8.94,161.9,Maize
27,86,115,25.29,89.93,8.89,160.37,Maize
35,94,119,25.74,89.3,8.55,164.26,Maize
26,89,128,27.22,83.8,8.01,162.28,Maize
30,89,129,25.35,88.03,8.16,176.84,Maize
26,83,117,25.85,90.49,7.95,174.78,Maize
32,87,127,23.92,90.77,8.22,171.05,Maize
22,88,120,27.03,91.16,8.15,173.81,Maize
26,83,129,23.78,88.18,8.8,176.31,Maize
25,79,115,26.97,90.64,8.88,168.09,Maize
37,88,119,24.95,86.26,8.39,159.62,Maize
24,88,113,26.19,85.34,8.76,177.31,Maize
40,96,130,27.5,89.93,8.28,159.38,Maize
41,82,129,25.59,83.04,8.37,167.93,Maize
39,83,114,24.66,89.23,8.51,168.4,Maize
40,94,115,26.84,84.12,8.46,167.1,Maize
25,85,115,25.6,86.38,8.63,164.28,Maize
39,89,116,25.61,87.31,8.79,175.37,Maize
39,92,123,27.27,89.58,7.97,158.47,Maize
29,97,121,24.81,83.32,8.01,173.76,Maize
23,90,130,25.68,92.54,8.28,162.77,Maize
26,93,125,27.08,92.28,8.69,161.7,Maize
41,95,132,27.3,85.3,8.23,159.85,Maize
33,80,114,25.45,91.63,8.28,168.51,Maize
28,91,117,27.16,91.93,8.0,160.03,Maize
35,81,114,24.52,90.35,8.2,175.42,Maize
39,80,122,24.9,91.52,8.02,163.01,Maize
31,81,115,26.0,87.63,8.33,174.32,Maize
25,89,122,25.37,84.8,8.09,168.12,Maize
23,80,113,24.39,90.59,8.37,172.87,Maize
38,97,125,27.08,90.76,8.37,177.09,Maize
22,88,122,26.85,84.0,8.46,171.65,Maize
33,79,117,27.12,86.62,8.64,164.78,Maize
29,93,127,26.84,88.94,8.28,171.21,Maize
21,96,129,26.72,91.98,8.6,168.95,Maize
31,85,118,27.56,88.95,8.85,174.32,Maize
40,88,120,25.59,84.17,8.74,164.59,Maize
40,93,125,26.1,90.54,8.57,174.54,Maize
41,90,117,26.29,91.36,8.48,158.59,Maize
39,94,113,24.45,86.25,8.46,170.21,Maize
35,96,114,25.55,87.44,8.37,168.91,Maize
25,83,114,23.76,85.39,8.71,159.54,Maize
39,77,126,23.85,86.38,8.81,177.34,Maize
21,93,133,23.99,91.13,8.66,175.92,Maize
29,95,117,24.74,86.69,8.17,172.14,Maize
35,95,118,25.68,86.73,8.04,160.05,Maize
33,95,117,26.46,86.75,8.85,163.23,Maize
37,84,131,27.29,91.71,8.43,162.5,Maize
32,88,129,25.69,84.17,8.56,171.56,Maize
29,89,121,24.26,92.27,8.23,163.86,Maize
29,93,129,25.81,91.81,8.5,169.36,Maize
21,93,115,25.19,86.19,8.38,175.81,Maize
32,77,114,27.16,90.53,8.89,174.91,Maize
33,93,123,27.64,84.85,8.61,161.18,Maize
31,89,122,24.85,85.35,8.31,176.74,Maize
41,94,114,27.18,86.27,8.46,169.15,Maize
66,81,35,20.34,84.03,8.62,55.72,Chickpea
59,86,38,19.88,86.79,8.13,64.97,Chickpea
57,68,40,19.09,88.83,8.14,60.57,Chickpea
57,80,33,19.08,90.25,8.74,71.88,Chickpea
61,78,36,21.35,90.08,8.47,60.67,Chickpea
70,69,39,21.14,85.22,8.8,71.13,Chickpea
65,85,38,20.66,89.53,8.86,56.75,Chickpea
59,73,28,20.52,89.01,8.15,72.18,Chickpea
76,73,33,21.24,86.0,8.2,64.82,Chickpea
61,76,39,17.96,82.96,8.42,63.52,Chickpea
74,87,29,20.85,83.99,7.98,73.86,Chickpea
60,86,35,21.04,88.1,8.84,60.1,Chickpea
74,80,43,17.67,88.09,8.69,66.25,Chickpea
57,73,37,17.76,87.25,8.25,59.27,Chickpea
72,82,39,20.43,85.71,8.82,67.14,Chickpea
62,77,32,18.31,80.88,8.66,67.89,Chickpea
65,67,33,19.38,86.92,8.49,68.29,Chickpea
67,71,40,18.18,82.9,8.72,68.88,Chickpea
65,78,42,19.47,83.3,8.24,71.91,Chickpea
63,71,35,18.62,88.88,8.82,57.63,Chickpea
62,85,46,17.94,89.72,8.27,72.86,Chickpea
76,77,30,20.06,82.72,8.0,73.02,Chickpea
75,72,34,18.93,85.25,8.66,71.66,Chickpea
74,84,28,19.8,86.9,8.51,68.82,Chickpea
73,75,39,21.11,81.81,8.28,68.55,Chickpea
57,67,42,17.79,86.28,8.5,63.24,Chickpea
71,79,36,20.89,89.17,8.8,66.43,Chickpea
66,75,37,20.38,80.72,8.65,58.7,Chickpea
63,78,28,19.36,84.42,8.01,65.19,Chickpea
75,74,37,17.98,84.64,8.61,74.19,Chickpea
73,85,44,19.3,87.27,8.61,58.52,Chickpea
73,75,36,18.94,83.81,8.48,64.01,Chickpea
66,79,36,17.45,89.73,8.25,62.13,Chickpea
71,81,44,18.91,88.3,8.07,69.03,Chickpea
64,86,40,18.18,87.05,8.46,66.35,Chickpea
67,69,38,19.1,88.83,8.12,58.2,Chickpea
71,87,31,20.49,86.25,8.78,68.5,Chickpea
68,85,36,19.44,83.43,8.31,64.03,Chickpea
68,74,26,18.57,83.7,8.83,54.98,Chickpea
68,77,43,20.2,84.58,8.27,57.61,Chickpea
57,79,43,19.49,84.71,8.28,57.48,Chickpea
76,79,28,17.65,81.35,8.15,63.01,Chickpea
72,67,39,20.23,81.17,8.68,57.11,Chickpea
63,86,29,19.07,87.23,8.07,55.45,Chickpea
71,77,43,20.37,89.99,7.98,58.91,Chickpea
57,69,31,18.78,86.89,8.48,58.65,Chickpea
75,80,32,17.94,88.45,7.99,70.26,Chickpea
64,73,42,18.87,82.24,7.95,58.82,Chickpea
62,74,44,17.65,83.7,8.61,72.21,Chickpea
62,74,46,18.4,89.64,8.57,60.76,Chickpea
57,70,29,19.18,88.26,8.53,67.16,Chickpea
73,77,28,21.27,81.36,8.78,54.65,Chickpea
70,85,38,19.98,87.83,8.25,55.68,Chickpea
57,68,43,19.34,87.77,8.09,70.35,Chickpea
66,77,43,18.12,83.03,8.31,68.95,Chickpea
60,79,42,20.47,81.56,8.48,55.63,Chickpea
63,81,45,20.35,89.68,8.35,72.11,Chickpea
59,74,40,17.62,83.07,8.43,73.81,Chickpea
65,81,45,19.82,89.19,7.91,71.82,Chickpea
64,70,32,18.92,81.06,8.6,65.35,Chickpea
66,80,39,19.06,88.34,7.92,64.43,Chickpea
76,81,29,17.5,81.01,8.61,66.77,Chickpea
59,85,34,21.19,86.1,8.05,64.22,Chickpea
62,78,26,17.56,89.43,8.74,62.4,Chickpea
74,78,26,18.5,88.94,8.59,59.24,Chickpea
77,85,41,18.21,88.83,8.43,64.66,Chickpea
69,68,42,21.22,87.3,8.51,62.65,Chickpea
70,76,30,18.03,86.06,7.87,70.6,Chickpea
73,76,35,18.35,85.73,8.84,66.08,Chickpea
70,76,46,19.91,83.27,8.34,63.56,Chickpea
69,80,42,17.84,81.42,8.39,63.58,Chickpea
60,73,31,20.71,84.52,8.31,59.79,Chickpea
72,82,46,20.25,81.7,8.75,71.46,Chickpea
61,80,35,18.89,88.28,8.09,69.62,Chickpea
67,69,28,21.02,87.46,8.86,68.36,Chickpea
63,86,35,17.99,87.83,8.34,57.45,Chickpea
76,85,34,19.6,84.2,8.84,64.81,Chickpea
68,83,32,21.13,84.93,8.39,70.0,Chickpea
75,72,38,21.22,81.67,8.08,58.55,Chickpea
72,87,26,17.57,86.58,8.34,61.07,Chickpea
73,74,31,20.81,87.03,8.42,55.47,Chickpea
65,86,38,18.56,84.52,8.87,67.08,Chickpea
59,84,33,20.6,86.16,8.79,68.73,Chickpea
59,76,43,19.87,83.81,8.55,66.9,Chickpea
58,83,37,19.98,83.31,8.58,60.07,Chickpea
58,71,34,20.79,80.78,8.2,73.64,Chickpea
70,82,39,19.0,85.52,8.57,59.65,Chickpea
76,86,46,18.88,83.34,8.85,65.71,Chickpea
61,74,27,19.49,84.15,8.54,61.0,Chickpea
70,73,43,19.54,82.55,8.45,55.59,Chickpea
63,86,37,18.71,85.65,8.0,64.88,Chickpea
75,87,30,17.83,81.81,8.62,69.15,Chickpea
62,76,39,19.18,85.28,8.61,55.89,Chickpea
75,71,28,19.76,81.36,8.45,73.56,Chickpea
59,68,44,20.85,89.98,8.53,66.69,Chickpea
64,76,37,19.15,85.15,7.96,72.2,Chickpea
65,68,43,21.32,85.59,8.12,64.67,Chickpea
72,80,44,21.15,81.56,8.66,72.19,Chickpea
76,70,40,19.98,81.68,8.81,65.74,Chickpea
58,74,27,17.9,82.36,8.49,60.25,Chickpea
34,91,87,32.93,79.51,6.49,106.03,Kidneybeans
30,83,94,32.34,80.11,5.59,122.51,Kidneybeans
36,90,91,32.4,85.07,6.39,110.12,Kidneybeans
44,89,89,33.44,85.63,5.63,112.71,Kidneybeans
34,99,87,33.08,86.27,6.21,106.62,Kidneybeans
30,82,96,30.11,78.19,6.44,106.18,Kidneybeans
44,86,83,31.02,85.64,5.61,116.36,Kidneybeans
35,91,92,32.02,81.24,5.9,119.76,Kidneybeans
34,97,79,30.91,83.16,6.29,105.37,Kidneybeans
31,83,90,31.88,78.87,6.51,124.31,Kidneybeans
38,85,94,33.18,80.36,5.96,106.66,Kidneybeans
42,97,85,32.52,84.7,6.31,108.98,Kidneybeans
37,85,87,31.64,85.77,5.67,108.92,Kidneybeans
40,99,95,33.65,79.23,6.57,108.9,Kidneybeans
43,81,80,30.99,82.72,5.93,123.4,Kidneybeans
26,100,84,33.4,79.01,5.88,115.41,Kidneybeans
43,99,88,31.6,78.3,5.82,124.12,Kidneybeans
25,91,78,32.83,85.87,6.36,114.46,Kidneybeans
28,88,89,30.13,84.18,6.2,123.26,Kidneybeans
33,96,88,32.02,79.13,6.55,108.8,Kidneybeans
28,87,83,32.04,80.25,5.86,118.64,Kidneybeans
43,98,83,32.91,79.34,6.06,113.7,Kidneybeans
45,90,86,31.38,86.35,6.57,119.6,Kidneybeans
28,92,88,29.8,77.73,6.15,123.66,Kidneybeans
29,95,85,33.19,77.28,6.55,114.69,Kidneybeans
32,91,79,31.95,84.56,6.04,112.1,Kidneybeans
38,99,83,30.07,78.7,5.7,117.96,Kidneybeans
35,88,84,30.31,81.44,6.41,121.83,Kidneybeans
45,93,93,32.22,77.48,5.82,123.87,Kidneybeans
32,99,87,30.97,86.47,5.72,107.88,Kidneybeans
31,89,88,29.94,83.83,5.96,112.77,Kidneybeans
33,82,88,32.17,82.54,6.08,106.01,Kidneybeans
30,94,97,31.14,85.7,5.77,108.06,Kidneybeans
29,95,81,33.66,82.48,6.46,111.07,Kidneybeans
43,88,83,30.85,82.08,6.4,113.54,Kidneybeans
39,89,98,32.24,79.6,6.54,108.69,Kidneybeans
36,87,92,30.37,80.1,6.52,124.67,Kidneybeans
42,95,93,31.22,79.44,6.01,107.5,Kidneybeans
42,94,79,32.49,79.5,5.86,106.17,Kidneybeans
27,81,96,33.5,84.93,6.55,119.74,Kidneybeans
35,81,86,30.28,84.38,6.1,105.83,Kidneybeans
37,85,85,30.7,86.85,6.28,122.61,Kidneybeans
33,82,83,31.86,82.74,5.95,112.63,Kidneybeans
28,82,88,30.0,84.66,6.11,107.69,Kidneybeans
36,87,87,31.54,83.43,6.51,119.67,Kidneybeans
36,91,80,29.75,84.52,6.02,121.69,Kidneybeans
29,92,90,30.08,85.77,5.89,109.03,Kidneybeans
40,85,88,31.85,83.0,6.19,122.83,Kidneybeans
37,87,86,31.12,77.45,6.25,118.46,Kidneybeans
28,87,83,33.15,77.11,6.38,117.45,Kidneybeans
32,94,95,33.27,81.74,6.47,123.72,Kidneybeans
42,89,92,30.44,81.89,6.56,123.59,Kidneybeans
27,86,97,33.33,78.37,6.24,111.28,Kidneybeans
33,81,79,30.89,80.39,6.53,122.28,Kidneybeans
37,81,82,29.74,85.48,6.09,115.81,Kidneybeans
34,90,86,32.02,77.87,5.93,120.58,Kidneybeans
40,87,85,32.91,84.12,6.09,111.08,Kidneybeans
30,86,79,31.02,83.74,5.97,119.91,Kidneybeans
34,97,78,31.51,78.14,5.78,114.98,Kidneybeans
41,92,93,32.79,77.13,6.37,118.25,Kidneybeans
44,94,89,33.47,81.09,6.45,121.9,Kidneybeans
34,90,95,30.59,81.08,5.71,123.0,Kidneybeans
31,83,83,32.19,86.5,6.5,112.7,Kidneybeans
44,86,83,32.07,86.2,6.28,117.43,Kidneybeans
39,99,85,32.25,81.28,5.58,124.33,Kidneybeans
31,88,84,31.53,78.18,6.47,117.42,Kidneybeans
26,82,83,30.59,80.54,6.06,106.23,Kidneybeans
25,93,84,30.58,77.75,5.72,121.74,Kidneybeans
38,85,85,30.21,78.25,5.96,109.73,Kidneybeans
41,99,90,29.78,85.78,5.8,117.15,Kidneybeans
25,80,95,30.0,85.42,5.88,114.66,Kidneybeans
29,94,90,32.82,77.72,6.24,116.8,Kidneybeans
27,81,78,32.92,86.92,6.13,107.68,Kidneybeans
35,92,83,30.0,79.03,6.03,109.18,Kidneybeans
34,99,86,31.33,79.18,5.61,121.34,Kidneybeans
27,81,96,31.15,84.67,6.49,120.16,Kidneybeans
30,81,78,29.8,86.29,6.42,119.03,Kidneybeans
38,89,83,33.54,83.44,6.44,110.58,Kidneybeans
27,99,82,33.62,83.83,6.48,118.29,Kidneybeans
31,83,92,33.49,84.59,6.02,123.6,Kidneybeans
42,92,85,31.79,82.23,5.8,123.3,Kidneybeans
45,97,86,32.2,81.94,6.26,106.75,Kidneybeans
31,97,89,30.18,81.47,5.89,120.67,Kidneybeans
35,99,87,33.62,86.46,5.94,107.85,Kidneybeans
32,89,81,32.45,80.21,6.44,111.37,Kidneybeans
38,90,82,31.94,84.8,6.42,117.86,Kidneybeans
32,99,82,33.36,82.21,6.44,114.66,Kidneybeans
43,99,84,33.22,83.11,5.88,111.85,Kidneybeans
28,81,90,31.69,81.21,6.21,120.43,Kidneybeans
32,100,93,33.18,80.73,5.59,124.15,Kidneybeans
36,97,97,30.82,86.62,6.51,109.81,Kidneybeans
34,81,94,30.12,78.29,6.55,112.09,Kidneybeans
31,94,92,31.96,82.77,6.54,105.6,Kidneybeans
44,89,98,30.27,81.57,6.06,112.96,Kidneybeans
33,97,90,30.26,79.27,6.31,114.78,Kidneybeans
40,94,91,30.04,81.43,6.11,107.7,Kidneybeans
43,82,98,29.77,84.28,6.56,113.1,Kidneybeans
32,81,88,30.56,79.15,6.01,116.99,Kidneybeans
26,86,85,30.84,86.17,5.78,106.49,Kidneybeans
45,91,80,29.69,83.08,6.53,108.44,Kidneybeans
51,116,164,27.47,84.2,4.83,173.49,Pigeonpeas
59,103,168,28.19,84.17,4.79,187.37,Pigeonpeas
56,116,174,27.95,81.42,4.59,178.87,Pigeonpeas
55,111,164,26.27,83.68,4.96,183.53,Pigeonpeas
52,119,170,25.58,82.53,4.9,188.21,Pigeonpeas
51,103,172,24.91,90.67,5.1,185.48,Pigeonpeas
53,112,165,24.46,88.5,5.12,185.33,Pigeonpeas
69,117,158,24.54,83.69,4.8,172.75,Pigeonpeas
68,119,164,28.07,88.08,5.14,176.95,Pigeonpeas
58,103,173,24.58,86.11,5.0,182.72,Pigeonpeas
53,112,162,26.57,84.46,5.43,187.0,Pigeonpeas
65,117,157,25.74,81.27,4.91,175.51,Pigeonpeas
60,103,169,26.29,85.6,5.27,183.84,Pigeonpeas
50,107,171,26.09,87.77,4.65,168.97,Pigeonpeas
64,120,173,25.44,86.56,4.7,183.16,Pigeonpeas
57,105,163,24.88,89.64,4.5,184.2,Pigeonpeas
59,110,158,26.7,84.05,4.98,175.34,Pigeonpeas
53,103,167,26.88,82.99,4.89,184.83,Pigeonpeas
52,117,163,25.84,90.52,5.18,168.75,Pigeonpeas
69,101,163,26.48,83.08,5.36,170.59,Pigeonpeas
56,114,163,25.26,87.11,5.36,180.84,Pigeonpeas
49,105,174,26.97,87.02,4.53,174.49,Pigeonpeas
56,116,164,24.64,87.4,4.87,188.03,Pigeonpeas
58,115,166,26.74,86.12,5.42,182.34,Pigeonpeas
62,113,174,25.14,83.7,5.46,183.12,Pigeonpeas
52,118,175,26.15,87.01,5.1,176.83,Pigeonpeas
60,109,167,27.31,81.87,5.09,177.35,Pigeonpeas
52,100,175,26.77,84.15,4.89,183.83,Pigeonpeas
52,114,169,25.65,89.89,4.53,171.97,Pigeonpeas
52,116,173,24.57,87.63,5.12,180.69,Pigeonpeas
67,105,172,26.58,87.38,5.37,174.29,Pigeonpeas
56,106,175,26.92,86.83,5.14,168.58,Pigeonpeas
58,106,157,24.54,85.49,4.53,184.84,Pigeonpeas
57,105,167,26.47,88.51,4.54,186.2,Pigeonpeas
54,109,168,26.22,88.78,5.42,173.09,Pigeonpeas
67,118,165,24.81,88.29,5.37,182.47,Pigeonpeas
68,114,169,26.32,88.75,4.99,180.49,Pigeonpeas
59,104,173,28.07,88.29,5.15,185.31,Pigeonpeas
52,105,157,24.77,82.22,5.07,171.58,Pigeonpeas
51,107,163,27.63,90.07,4.88,172.24,Pigeonpeas
62,102,156,26.05,85.91,4.94,170.09,Pigeonpeas
66,109,165,25.01,83.51,5.13,181.63,Pigeonpeas
57,118,172,26.11,90.06,5.4,169.74,Pigeonpeas
50,110,156,26.85,86.84,5.19,173.83,Pigeonpeas
50,116,173,25.67,83.04,4.83,182.81,Pigeonpeas
66,105,162,26.1,85.9,5.09,170.59,Pigeonpeas
54,110,158,26.83,88.66,4.91,179.9,Pigeonpeas
66,114,175,27.38,88.1,5.35,178.62,Pigeonpeas
54,108,163,27.03,89.17,4.47,179.32,Pigeonpeas
66,102,171,25.16,81.26,4.95,182.27,Pigeonpeas
53,109,156,25.1,88.55,5.27,175.08,Pigeonpeas
52,118,157,25.07,89.77,5.07,176.89,Pigeonpeas
52,114,173,24.57,83.43,4.54,173.86,Pigeonpeas
62,111,164,27.38,87.75,4.93,178.8,Pigeonpeas
58,110,164,27.6,85.49,5.36,179.71,Pigeonpeas
49,107,157,25.33,90.48,5.05,170.74,Pigeonpeas
67,113,170,27.48,83.94,4.68,169.72,Pigeonpeas
51,102,159,27.58,83.3,5.19,177.73,Pigeonpeas
60,106,172,28.22,82.0,5.32,181.99,Pigeonpeas
63,118,162,24.34,85.15,5.13,171.75,Pigeonpeas
61,101,167,27.53,85.57,5.21,176.36,Pigeonpeas
49,100,160,26.82,86.64,5.23,180.53,Pigeonpeas
62,113,175,24.61,86.91,4.61,175.57,Pigeonpeas
69,113,174,26.18,83.55,5.37,178.2,Pigeonpeas
64,115,167,26.78,81.57,5.46,172.73,Pigeonpeas
49,116,169,27.49,85.62,5.19,185.38,Pigeonpeas
67,116,173,27.32,84.14,4.67,186.91,Pigeonpeas
53,119,172,24.72,83.17,5.04,183.73,Pigeonpeas
53,116,165,27.91,89.54,5.32,174.89,Pigeonpeas
68,101,158,27.68,85.72,4.8,181.96,Pigeonpeas
69,119,170,26.32,86.62,4.78,182.81,Pigeonpeas
66,117,175,25.9,81.06,4.59,184.72,Pigeonpeas
63,119,160,24.42,83.16,5.03,170.51,Pigeonpeas
51,120,160,26.18,87.79,4.91,183.98,Pigeonpeas
60,118,165,25.8,84.32,4.84,188.23,Pigeonpeas
53,113,176,24.98,82.85,5.01,185.49,Pigeonpeas
54,106,165,27.65,89.22,4.57,168.59,Pigeonpeas
66,115,173,24.95,83.22,5.44,173.97,Pigeonpeas
54,105,158,28.21,86.66,4.85,181.57,Pigeonpeas
58,118,162,25.59,84.56,5.38,176.77,Pigeonpeas
55,106,162,25.46,89.41,5.43,180.63,Pigeonpeas
50,101,175,27.49,90.81,5.14,184.1,Pigeonpeas
51,108,164,25.49,82.56,4.71,182.57,Pigeonpeas
50,101,164,26.37,86.6,4.58,170.03,Pigeonpeas
67,115,175,26.68,83.87,5.46,176.46,Pigeonpeas
59,116,159,25.27,89.66,4.56,177.39,Pigeonpeas
52,113,160,26.95,86.15,5.15,169.54,Pigeonpeas
58,101,158,28.07,88.14,4.77,170.09,Pigeonpeas
61,100,175,26.01,89.51,5.02,170.98,Pigeonpeas
66,107,159,25.67,84.09,4.61,186.35,Pigeonpeas
66,119,167,25.46,86.91,4.65,172.3,Pigeonpeas
50,112,170,24.94,89.47,5.23,171.04,Pigeonpeas
61,117,159,27.46,82.01,4.61,185.44,Pigeonpeas
67,103,167,27.91,83.35,5.35,174.12,Pigeonpeas
52,104,174,24.86,88.73,5.24,179.98,Pigeonpeas
63,119,174,26.41,88.26,5.35,170.75,Pigeonpeas
54,119,169,28.22,84.48,4.95,183.04,Pigeonpeas
65,100,159,27.02,89.52,5.0,178.45,Pigeonpeas
55,116,165,27.51,85.14,5.44,180.05,Pigeonpeas
59,111,173,25.76,89.14,5.09,170.2,Pigeonpeas
17,60,68,23.94,45.67,5.86,71.51,Mothbeans
6,61,56,26.56,46.27,5.72,52.89,Mothbeans
2,52,68,23.93,53.53,5.08,70.9,Mothbeans
3,57,71,24.64,45.13,5.29,72.26,Mothbeans
11,62,58,26.57,48.93,5.78,54.79,Mothbeans
19,64,66,24.34,46.07,5.2,65.02,Mothbeans
15,57,60,25.23,54.29,5.89,71.74,Mothbeans
2,71,64,26.09,53.66,5.23,66.27,Mothbeans
2,62,66,24.22,45.83,5.34,71.22,Mothbeans
19,65,74,26.15,48.32,5.67,68.31,Mothbeans
4,62,56,26.27,48.31,5.37,68.15,Mothbeans
12,52,65,26.96,45.02,5.69,66.74,Mothbeans
15,68,66,25.6,50.27,5.64,64.69,Mothbeans
2,59,65,26.76,51.34,5.22,56.42,Mothbeans
13,65,74,23.98,46.14,5.89,71.44,Mothbeans
14,68,54,27.23,45.59,5.01,65.21,Mothbeans
11,54,66,24.17,54.65,5.55,64.35,Mothbeans
6,63,65,25.78,50.06,5.0,71.5,Mothbeans
4,71,71,25.56,50.13,5.04,65.43,Mothbeans
8,65,61,24.86,47.46,5.19,71.9,Mothbeans
6,69,55,25.34,52.46,5.84,61.25,Mothbeans
11,66,58,24.66,47.07,5.19,69.39,Mothbeans
5,71,58,24.1,49.47,5.85,66.62,Mothbeans
22,58,62,26.55,46.34,5.08,52.34,Mothbeans
5,56,57,25.92,50.69,5.42,65.28,Mothbeans
3,70,72,25.48,51.61,5.1,54.59,Mothbeans
8,64,61,25.02,51.0,5.38,58.26,Mothbeans
12,54,60,23.88,51.72,5.69,54.43,Mothbeans
4,62,63,23.81,54.42,5.71,62.17,Mothbeans
15,62,60,27.23,50.51,5.44,66.99,Mothbeans
4,60,60,26.18,48.61,5.93,67.26,Mothbeans
11,70,66,26.99,48.58,4.99,69.53,Mothbeans
6,68,73,23.75,49.23,5.51,71.16,Mothbeans
11,72,63,25.49,47.59,5.37,63.96,Mothbeans
14,56,68,26.23,50.03,5.49,53.59,Mothbeans
3,60,73,24.65,50.31,5.48,64.81,Mothbeans
20,72,58,26.31,50.53,5.58,56.48,Mothbeans
14,55,65,24.99,54.65,5.77,61.4,Mothbeans
11,59,70,27.22,53.6,5.11,57.03,Mothbeans
9,58,62,25.22,53.36,5.04,53.39,Mothbeans
21,68,69,24.08,49.05,5.56,59.88,Mothbeans
10,66,70,24.83,54.11,5.5,65.37,Mothbeans
15,52,63,26.2,52.84,5.16,53.76,Mothbeans
18,61,70,26.44,54.79,5.78,65.12,Mothbeans
15,70,61,23.83,49.68,5.78,64.59,Mothbeans
5,61,65,26.39,46.57,4.97,68.25,Mothbeans
17,60,69,26.47,49.79,5.8,66.76,Mothbeans
13,59,65,24.64,53.8,5.29,54.91,Mothbeans
10,67,64,24.75,48.67,5.52,60.06,Mothbeans
22,58,70,25.13,47.22,5.18,66.05,Mothbeans
7,68,70,26.45,45.02,5.45,59.15,Mothbeans
6,67,54,27.05,53.55,5.58,69.2,Mothbeans
4,55,70,23.67,51.42,5.47,65.94,Mothbeans
22,52,70,24.86,53.63,5.91,58.89,Mothbeans
15,72,64,24.54,50.15,5.2,61.86,Mothbeans
16,55,54,27.09,50.0,5.44,55.37,Mothbeans
17,67,58,26.64,48.38,5.28,59.34,Mothbeans
5,53,59,23.95,52.7,5.47,55.79,Mothbeans
9,67,57,23.72,48.59,5.92,54.66,Mothbeans
4,58,54,26.51,51.31,5.95,70.42,Mothbeans
11,57,67,24.17,45.09,5.81,54.53,Mothbeans
22,65,56,26.03,47.95,5.56,66.92,Mothbeans
6,53,74,24.19,52.87,5.26,57.14,Mothbeans
20,67,61,25.64,49.32,5.05,65.07,Mothbeans
12,67,57,26.85,49.16,5.21,64.3,Mothbeans
11,62,62,24.26,50.01,5.69,59.94,Mothbeans
16,70,74,26.09,51.03,5.75,69.38,Mothbeans
16,63,65,27.38,45.04,5.67,68.27,Mothbeans
6,72,64,24.73,54.33,5.58,64.88,Mothbeans
7,62,66,27.4,50.04,5.94,53.13,Mothbeans
13,57,59,26.15,45.21,5.88,61.41,Mothbeans
4,53,63,27.04,47.39,5.8,65.48,Mothbeans
2,58,54,24.13,52.34,5.46,62.05,Mothbeans
16,65,63,27.37,51.7,5.27,62.64,Mothbeans
17,54,70,23.51,48.84,5.82,59.18,Mothbeans
21,53,66,24.17,55.01,5.01,67.5,Mothbeans
22,64,62,25.58,51.57,5.03,67.84,Mothbeans
7,55,63,25.66,47.82,5.79,64.17,Mothbeans
22,71,71,26.95,48.58,5.48,61.62,Mothbeans
8,72,73,24.41,49.21,5.54,65.69,Mothbeans
4,66,67,23.69,46.96,4.97,61.81,Mothbeans
5,59,70,26.25,50.84,5.31,58.73,Mothbeans
5,55,59,25.71,49.48,5.45,71.96,Mothbeans
20,56,73,24.12,45.56,5.33,62.54,Mothbeans
3,65,74,27.4,47.86,5.48,63.96,Mothbeans
21,53,74,23.89,45.74,5.39,64.36,Mothbeans
4,59,54,26.61,50.3,5.23,61.96,Mothbeans
11,52,55,26.43,49.99,5.55,69.53,Mothbeans
15,60,57,25.03,48.48,5.73,68.75,Mothbeans
14,57,68,23.59,47.76,5.12,57.88,Mothbeans
22,71,60,24.41,53.99,5.36,69.44,Mothbeans
8,60,56,24.16,54.74,5.52,63.35,Mothbeans
20,53,68,27.11,49.3,5.11,55.12,Mothbeans
19,69,74,26.07,51.09,5.51,64.39,Mothbeans
8,63,65,24.68,51.94,5.44,66.66,Mothbeans
17,55,68,23.49,50.89,5.03,52.62,Mothbeans
17,69,73,25.75,55.02,5.09,69.24,Mothbeans
3,66,58,25.45,51.28,5.87,58.38,Mothbeans
21,54,58,24.44,46.29,5.63,61.85,Mothbeans
7,65,73,27.38,54.44,5.32,52.39,Mothbeans
22,42,61,26.13,56.06,6.11,121.24,Mungbean
22,29,66,26.67,56.54,6.4,111.59,Mungbean
25,29,62,23.26,58.47,5.94,116.2,Mungbean
26,33,58,23.98,55.15,6.52,110.92,Mungbean
13,25,64,25.04,58.03,6.48,112.1,Mungbean
14,33,62,24.7,55.29,6.25,121.68,Mungbean
31,26,72,24.47,50.7,6.35,103.32,Mungbean
16,38,78,23.59,56.59,6.73,119.91,Mungbean
16,35,63,23.85,58.88,6.1,118.68,Mungbean
25,30,66,23.48,54.52,5.87,107.18,Mungbean
23,25,60,26.85,53.47,6.16,107.39,Mungbean
24,41,70,24.47,50.76,6.46,122.19,Mungbean
29,25,70,23.44,53.64,6.1,121.19,Mungbean
16,29,69,25.63,54.04,6.18,120.78,Mungbean
13,42,75,23.73,54.32,6.16,104.67,Mungbean
30,41,67,26.85,50.12,5.79,119.46,Mungbean
24,36,72,26.7,54.3,6.55,103.44,Mungbean
16,27,68,23.97,53.9,5.86,116.87,Mungbean
30,33,73,25.96,50.92,6.23,113.08,Mungbean
28,32,58,24.52,50.18,6.51,108.51,Mungbean
32,33,76,25.49,56.17,6.59,120.83,Mungbean
29,39,69,24.76,56.38,6.47,120.45,Mungbean
33,30,72,23.76,52.99,6.31,107.15,Mungbean
20,25,71,25.78,58.81,6.52,115.32,Mungbean
26,27,64,24.42,52.33,5.93,103.76,Mungbean
23,40,73,24.87,49.84,6.43,112.68,Mungbean
31,37,61,25.65,50.18,6.13,103.69,Mungbean
33,38,67,23.55,56.2,6.62,121.73,Mungbean
32,36,70,25.15,56.3,6.34,122.29,Mungbean
21,27,59,23.37,55.49,6.72,106.94,Mungbean
26,30,65,24.55,51.33,6.49,110.69,Mungbean
29,28,70,24.59,56.64,6.49,112.83,Mungbean
21,41,61,24.98,58.17,6.31,117.33,Mungbean
26,33,59,26.64,58.44,5.84,107.42,Mungbean
13,41,72,25.01,51.47,6.61,112.09,Mungbean
29,41,65,27.05,59.57,6.08,104.95,Mungbean
22,27,62,25.62,49.7,6.21,103.6,Mungbean
32,26,71,25.63,52.08,6.52,121.99,Mungbean
26,35,73,25.19,59.53,6.5,107.47,Mungbean
24,35,60,24.73,52.46,6.18,112.27,Mungbean
23,39,67,24.76,52.6,6.57,107.54,Mungbean
19,35,78,26.54,55.84,6.06,114.01,Mungbean
27,37,68,25.19,59.53,6.29,110.25,Mungbean
20,42,65,24.81,50.59,6.38,112.44,Mungbean
26,30,61,24.29,54.85,6.72,118.52,Mungbean
13,29,70,26.75,54.55,5.8,116.51,Mungbean
26,32,64,27.01,53.46,6.1,105.16,Mungbean
29,39,78,24.95,58.08,6.75,114.43,Mungbean
25,44,75,23.66,56.56,6.76,110.41,Mungbean
24,37,78,27.03,54.05,6.23,122.17,Mungbean
14,40,74,27.03,55.18,5.86,112.45,Mungbean
25,28,60,24.22,56.41,6.7,119.28,Mungbean
25,39,72,25.45,50.88,6.57,114.73,Mungbean
22,39,65,26.3,56.91,5.93,110.56,Mungbean
33,42,64,23.92,49.9,5.83,104.71,Mungbean
29,29,65,26.09,59.55,6.01,115.81,Mungbean
25,35,61,24.77,52.4,6.43,110.17,Mungbean
20,31,62,25.9,53.97,6.25,118.72,Mungbean
33,28,64,24.05,54.78,6.35,117.92,Mungbean
14,25,60,23.89,56.22,6.3,113.01,Mungbean
33,28,60,23.6,55.41,6.17,118.3,Mungbean
17,42,71,23.53,57.78,6.02,117.0,Mungbean
30,33,73,24.25,53.16,5.96,106.96,Mungbean
32,30,65,24.5,53.94,6.07,106.3,Mungbean
24,26,76,24.0,55.93,6.34,110.92,Mungbean
18,43,65,24.09,52.79,6.27,106.34,Mungbean
29,32,63,25.33,58.21,6.47,114.56,Mungbean
22,28,75,24.06,56.02,6.13,119.33,Mungbean
16,26,74,24.57,55.22,5.97,112.96,Mungbean
15,28,68,25.01,53.92,5.96,105.54,Mungbean
16,26,65,26.72,57.45,6.1,116.29,Mungbean
21,44,76,25.34,50.87,6.41,117.4,Mungbean
20,37,74,24.8,56.39,6.35,105.23,Mungbean
14,25,74,26.35,50.12,6.62,118.55,Mungbean
24,34,76,25.41,59.39,6.28,105.92,Mungbean
19,31,74,24.83,53.91,6.43,104.39,Mungbean
15,27,73,25.56,56.31,6.13,119.01,Mungbean
15,28,74,23.36,51.92,5.83,121.37,Mungbean
27,26,58,25.94,50.29,5.96,122.67,Mungbean
32,44,70,26.47,59.13,6.61,115.77,Mungbean
26,43,78,23.67,49.77,6.52,121.18,Mungbean
32,25,59,23.55,56.6,6.19,119.07,Mungbean
19,43,78,25.19,51.35,5.76,110.18,Mungbean
32,36,58,26.39,52.2,6.49,108.94,Mungbean
18,36,61,25.05,54.09,6.37,116.26,Mungbean
16,38,65,24.53,59.3,5.78,104.25,Mungbean
24,41,65,24.42,53.25,6.69,118.73,Mungbean
29,25,62,23.9,55.92,5.85,120.49,Mungbean
30,25,60,23.43,58.73,5.88,115.64,Mungbean
28,41,77,27.05,52.98,5.92,105.13,Mungbean
20,36,69,26.17,54.07,6.23,111.92,Mungbean
26,45,76,25.74,55.58,5.92,108.15,Mungbean
29,29,75,23.91,58.31,6.04,105.76,Mungbean
17,45,66,26.06,54.7,6.22,117.26,Mungbean
15,41,65,27.0,57.21,6.75,121.94,Mungbean
23,34,66,26.92,58.3,6.06,121.18,Mungbean
27,45,58,25.74,58.87,5.83,106.44,Mungbean
18,39,67,23.77,54.88,5.94,103.91,Mungbean
23,39,71,26.49,54.97,5.85,105.39,Mungbean
27,30,73,27.0,54.78,6.74,106.43,Mungbean
80,84,128,22.98,48.94,7.4,75.82,Blackgram
70,67,136,20.45,50.61,7.75,67.56,Blackgram
61,73,130,21.8,44.35,7.83,73.95,Blackgram
79,71,133,22.86,48.35,7.32,83.28,Blackgram
65,73,128,21.25,45.54,7.44,70.08,Blackgram
79,77,135,20.59,47.96,7.15,73.47,Blackgram
78,68,139,21.23,47.59,7.9,72.89,Blackgram
72,82,128,23.6,46.41,8.11,76.69,Blackgram
64,71,146,22.31,45.84,7.14,83.5,Blackgram
74,85,146,20.17,46.19,7.28,66.4,Blackgram
70,82,144,20.45,47.72,7.51,72.31,Blackgram
74,81,132,21.19,44.24,7.14,70.6,Blackgram
68,80,133,20.58,48.12,7.48,77.65,Blackgram
79,81,137,21.68,44.62,7.14,75.25,Blackgram
65,69,137,20.34,50.91,7.21,82.25,Blackgram
81,86,136,23.5,43.94,7.71,79.84,Blackgram
79,80,134,22.94,52.92,8.02,69.19,Blackgram
69,77,145,20.73,49.63,7.38,67.22,Blackgram
73,79,136,21.05,48.72,7.76,70.1,Blackgram
64,67,129,20.71,53.2,8.07,64.41,Blackgram
70,77,145,21.49,45.95,8.1,68.36,Blackgram
63,75,127,22.49,52.8,7.8,67.11,Blackgram
64,76,133,23.5,48.61,7.5,82.65,Blackgram
75,84,143,20.91,50.08,7.5,81.22,Blackgram
81,80,142,22.96,45.61,7.51,80.74,Blackgram
81,78,145,21.87,52.58,7.62,83.79,Blackgram
72,73,130,21.13,47.33,7.96,70.86,Blackgram
79,87,134,21.99,51.24,7.33,73.02,Blackgram
74,81,134,20.46,47.75,7.78,81.85,Blackgram
62,78,138,22.56,48.63,7.48,83.79,Blackgram
70,79,134,20.39,47.96,7.67,77.17,Blackgram
67,84,134,21.18,44.58,7.87,74.15,Blackgram
64,76,133,21.56,45.21,7.85,67.7,Blackgram
65,67,141,21.32,50.46,7.67,71.88,Blackgram
66,75,145,22.59,48.47,7.28,80.91,Blackgram
77,69,134,23.53,45.56,7.72,74.19,Blackgram
64,77,128,22.35,50.74,7.63,71.55,Blackgram
70,71,143,21.07,44.46,7.66,73.02,Blackgram
70,71,143,23.37,45.35,8.09,75.1,Blackgram
70,85,131,22.32,45.58,7.93,78.25,Blackgram
66,85,129,19.98,43.94,7.8,81.11,Blackgram
79,76,138,22.16,45.7,7.44,65.78,Blackgram
75,85,135,22.14,48.71,7.82,77.4,Blackgram
66,67,137,23.4,50.61,7.98,82.15,Blackgram
78,81,130,21.38,44.89,7.98,74.37,Blackgram
73,87,138,23.73,52.98,7.88,67.76,Blackgram
64,69,135,20.07,50.03,7.9,75.12,Blackgram
76,82,132,21.96,50.13,7.41,79.87,Blackgram
62,82,127,21.39,49.78,7.65,79.5,Blackgram
74,77,135,20.9,49.45,8.11,78.73,Blackgram
78,75,134,20.57,44.9,8.03,69.29,Blackgram
68,84,129,22.97,46.1,8.11,67.66,Blackgram
76,79,126,22.71,44.4,7.61,78.76,Blackgram
66,75,127,23.01,48.93,7.39,81.15,Blackgram
63,83,136,22.55,47.84,7.94,66.41,Blackgram
66,82,128,21.78,50.85,7.68,73.15,Blackgram
70,74,128,21.22,48.59,7.71,69.1,Blackgram
63,71,135,23.8,46.91,7.68,64.21,Blackgram
74,68,139,23.1,44.01,7.92,81.96,Blackgram
70,78,134,20.06,44.64,7.61,82.41,Blackgram
61,85,141,20.85,47.25,7.15,73.26,Blackgram
77,68,137,20.99,44.59,7.37,72.97,Blackgram
68,68,146,21.64,50.64,7.87,73.13,Blackgram
80,80,145,21.11,45.37,8.06,80.47,Blackgram
66,82,129,20.93,46.99,7.57,73.19,Blackgram
63,71,146,23.82,43.61,7.95,71.76,Blackgram
68,72,133,23.3,48.41,7.88,81.17,Blackgram
72,70,129,20.66,46.04,7.94,66.31,Blackgram
67,71,126,21.6,51.79,7.81,73.27,Blackgram
73,82,141,20.79,51.67,7.74,64.53,Blackgram
73,68,135,21.05,49.95,7.65,82.17,Blackgram
66,71,141,23.25,52.33,7.8,80.32,Blackgram
75,84,138,22.08,49.18,7.82,76.72,Blackgram
67,74,130,20.57,51.76,7.4,81.42,Blackgram
79,76,136,21.9,46.27,7.95,66.48,Blackgram
61,74,141,23.71,51.5,7.24,68.53,Blackgram
76,68,135,20.68,53.12,7.32,73.63,Blackgram
80,71,146,20.4,50.72,8.08,69.47,Blackgram
71,81,146,20.42,49.57,7.8,71.8,Blackgram
70,83,143,21.9,49.78,7.31,72.16,Blackgram
74,79,146,21.99,44.82,7.69,71.18,Blackgram
73,77,141,21.28,50.76,7.67,66.04,Blackgram
76,83,142,20.18,52.15,7.41,77.81,Blackgram
77,69,134,23.55,50.12,7.68,70.49,Blackgram
73,72,128,23.24,49.86,7.2,64.34,Blackgram
74,83,132,20.37,46.05,7.38,71.82,Blackgram
81,78,133,20.15,49.79,7.22,82.87,Blackgram
81,75,143,23.35,47.77,8.07,78.24,Blackgram
63,75,144,22.92,49.37,7.96,77.87,Blackgram
61,73,140,20.16,45.51,7.77,65.67,Blackgram
63,73,142,20.86,44.15,7.66,75.6,Blackgram
70,69,130,22.13,53.53,8.06,78.48,Blackgram
80,68,130,20.65,47.74,7.63,73.59,Blackgram
62,74,131,22.58,52.96,7.89,70.35,Blackgram
63,70,131,22.68,50.58,7.88,76.97,Blackgram
68,84,135,20.32,45.88,7.19,75.87,Blackgram
80,79,126,20.25,52.8,7.66,64.32,Blackgram
79,68,140,20.59,48.66,7.76,66.8,Blackgram
72,77,135,20.05,50.65,7.14,77.99,Blackgram
62,70,140,23.5,44.18,7.41,66.55,Blackgram
27,124,43,25.91,47.52,7.21,139.31,Lentil
33,124,30,26.97,45.3,7.15,155.07,Lentil
30,112,40,26.11,44.49,7.34,144.34,Lentil
34,127,43,25.43,44.43,7.18,156.97,Lentil
29,111,31,25.13,46.53,6.63,153.69,Lentil
30,117,33,26.67,40.63,7.16,157.09,Lentil
42,114,35,27.66,41.43,7.49,149.81,Lentil
29,107,43,26.92,45.61,7.09,153.22,Lentil
39,113,32,25.99,41.62,7.44,143.34,Lentil
28,116,41,25.42,45.1,6.99,155.79,Lentil
43,107,27,26.94,40.84,6.66,147.54,Lentil
35,125,40,27.13,42.93,6.98,156.33,Lentil
46,109,42,26.88,43.3,6.91,148.08,Lentil
36,121,33,27.37,46.22,6.63,145.78,Lentil
34,110,28,24.98,40.76,7.12,141.93,Lentil
46,107,25,26.33,49.83,6.88,138.05,Lentil
28,127,41,26.18,40.19,7.5,146.19,Lentil
32,121,27,28.03,49.27,7.07,154.06,Lentil
45,122,36,27.11,40.52,7.35,153.46,Lentil
45,121,43,27.0,44.74,7.43,144.27,Lentil
41,108,42,26.16,43.17,6.76,155.64,Lentil
30,115,40,24.63,49.55,6.69,146.42,Lentil
37,125,30,27.02,40.79,7.31,151.15,Lentil
41,114,38,25.71,45.77,7.14,147.41,Lentil
47,113,27,28.01,42.86,6.66,148.57,Lentil
43,117,23,27.64,42.39,7.46,139.63,Lentil
44,120,41,24.72,47.22,7.21,139.6,Lentil
45,116,35,28.22,40.14,6.82,154.56,Lentil
40,124,24,27.79,40.09,6.9,154.53,Lentil
38,108,32,28.14,45.3,7.37,150.02,Lentil
30,114,33,28.25,42.51,7.24,146.42,Lentil
47,111,25,27.63,48.84,7.57,142.19,Lentil
45,127,40,25.44,42.05,6.62,141.18,Lentil
41,108,38,28.51,41.35,6.7,153.95,Lentil
28,116,35,25.83,45.69,7.04,142.49,Lentil
27,122,32,25.93,40.15,6.92,139.61,Lentil
45,113,35,27.57,41.16,7.45,152.87,Lentil
29,109,34,24.68,45.53,6.75,149.92,Lentil
43,125,37,27.82,41.99,6.89,152.37,Lentil
36,120,26,24.76,44.73,7.45,148.64,Lentil
29,121,37,27.38,48.03,7.24,154.92,Lentil
43,113,41,26.52,41.84,6.82,154.77,Lentil
38,117,26,24.52,49.38,6.91,150.92,Lentil
40,107,35,26.22,45.92,6.65,146.23,Lentil
29,120,36,25.34,49.42,7.29,144.73,Lentil
34,120,29,26.75,41.55,6.87,150.17,Lentil
33,117,32,27.12,48.28,7.38,146.09,Lentil
37,110,40,26.74,43.69,7.42,151.59,Lentil
27,122,36,25.06,46.12,7.34,139.4,Lentil
27,118,30,25.53,46.0,7.57,157.54,Lentil
36,115,38,28.46,42.58,6.75,139.71,Lentil
30,118,29,25.55,41.33,7.58,144.6,Lentil
47,123,32,25.12,41.01,7.1,150.95,Lentil
37,108,41,24.78,49.63,7.54,154.01,Lentil
36,109,23,27.89,45.94,7.34,149.46,Lentil
27,126,38,25.81,49.45,6.93,154.96,Lentil
35,114,31,25.65,48.99,7.6,146.39,Lentil
47,123,38,27.11,47.85,7.15,152.28,Lentil
35,117,31,26.0,43.09,7.22,142.68,Lentil
27,107,42,26.92,47.97,7.07,142.11,Lentil
45,114,40,26.71,43.8,6.84,140.81,Lentil
46,124,29,25.93,41.87,7.46,156.56,Lentil
30,112,32,25.09,47.31,6.92,145.5,Lentil
41,120,34,24.86,40.12,7.44,139.47,Lentil
44,110,40,28.41,40.24,7.48,143.99,Lentil
41,119,36,25.5,50.01,7.21,154.43,Lentil
43,114,40,25.74,41.25,6.79,151.66,Lentil
46,127,25,27.47,48.28,7.56,142.09,Lentil
44,114,32,26.83,40.47,7.51,151.58,Lentil
42,125,39,26.63,48.11,6.74,143.96,Lentil
32,113,42,24.6,49.07,6.95,150.55,Lentil
41,113,38,26.35,45.4,6.71,153.18,Lentil
42,112,28,27.54,40.21,6.65,150.33,Lentil
33,124,23,27.91,46.12,7.28,152.61,Lentil
46,113,33,27.78,47.32,7.18,153.25,Lentil
27,126,39,27.77,45.39,7.43,152.07,Lentil
32,116,23,24.68,45.48,6.98,146.18,Lentil
45,119,32,27.74,46.94,7.6,140.88,Lentil
32,126,39,27.94,40.99,7.41,150.9,Lentil
44,116,29,27.34,42.11,6.97,147.27,Lentil
38,116,34,25.52,45.08,7.03,137.67,Lentil
29,122,30,25.94,44.14,7.24,154.8,Lentil
47,121,35,26.81,49.97,7.25,144.73,Lentil
44,115,33,26.52,43.96,7.19,148.51,Lentil
35,123,33,27.2,41.26,7.13,156.63,Lentil
34,123,28,26.71,48.72,6.85,149.57,Lentil
47,107,29,28.24,48.98,6.66,153.62,Lentil
35,117,37,27.57,41.38,7.55,141.84,Lentil
35,125,42,25.22,49.61,6.68,143.44,Lentil
45,108,31,25.94,45.23,7.47,148.58,Lentil
38,119,27,28.31,48.01,7.46,152.77,Lentil
47,124,32,24.99,47.66,6.62,142.89,Lentil
35,113,43,25.31,42.86,7.43,149.58,Lentil
45,124,33,28.18,40.79,7.18,137.9,Lentil
44,124,40,27.19,48.71,7.47,154.11,Lentil
39,109,41,27.57,46.18,7.06,144.81,Lentil
30,126,38,25.07,42.2,6.76,155.56,Lentil
38,119,27,26.72,45.02,7.5,155.48,Lentil
39,123,38,27.05,44.85,7.42,157.27,Lentil
40,120,23,26.08,48.06,7.18,137.87,Lentil
39,106,12,26.76,93.95,5.15,46.94,Pomegranate
25,126,25,24.57,95.68,4.86,59.12,Pomegranate
36,115,13,26.96,94.1,5.54,46.03,Pomegranate
40,109,19,25.02,93.38,5.62,53.49,Pomegranate
24,124,23,27.48,94.35,5.29,51.13,Pomegranate
36,125,8,27.71,98.45,5.46,53.14,Pomegranate
40,125,15,27.13,89.51,5.33,47.35,Pomegranate
27,110,16,27.4,97.65,4.77,46.1,Pomegranate
30,118,12,24.54,90.56,4.78,56.47,Pomegranate
37,109,25,25.43,92.09,5.12,53.49,Pomegranate
26,126,12,28.38,90.69,4.85,47.07,Pomegranate
33,113,13,25.56,92.18,4.95,45.16,Pomegranate
31,126,16,25.82,91.7,5.38,52.21,Pomegranate
33,116,8,24.41,95.43,5.22,47.5,Pomegranate
28,114,14,24.63,95.46,4.99,46.2,Pomegranate
40,123,17,26.3,92.35,5.5,40.08,Pomegranate
35,109,9,27.76,96.53,5.12,41.43,Pomegranate
30,108,21,26.3,94.55,5.64,44.06,Pomegranate
31,123,12,25.69,98.61,4.85,41.07,Pomegranate
38,118,7,27.56,93.88,4.95,48.74,Pomegranate
29,126,8,25.53,92.61,4.91,40.33,Pomegranate
40,112,25,26.92,89.98,5.61,58.44,Pomegranate
32,114,17,27.51,90.41,5.19,54.2,Pomegranate
35,121,14,27.95,92.74,5.23,58.81,Pomegranate
24,113,26,24.84,94.39,5.32,58.26,Pomegranate
40,107,18,26.0,92.91,5.07,49.61,Pomegranate
22,113,23,27.23,96.24,4.93,56.08,Pomegranate
35,112,24,26.51,97.13,4.77,39.72,Pomegranate
27,107,6,25.59,96.32,5.13,47.97,Pomegranate
27,123,19,25.66,94.6,5.32,59.15,Pomegranate
39,116,14,28.28,89.46,4.89,55.72,Pomegranate
24,126,16,25.25,94.76,4.98,44.3,Pomegranate
40,107,22,24.98,90.31,5.14,54.6,Pomegranate
34,111,6,26.32,95.78,4.95,39.16,Pomegranate
28,119,12,25.57,97.19,5.29,41.72,Pomegranate
29,106,26,25.47,98.47,5.48,57.44,Pomegranate
40,117,21,24.43,95.33,5.05,50.74,Pomegranate
30,123,11,27.56,96.48,5.08,56.08,Pomegranate
31,109,22,25.23,92.21,5.68,49.61,Pomegranate
35,115,22,26.33,90.69,5.25,47.18,Pomegranate
34,106,11,25.81,91.39,4.88,53.26,Pomegranate
39,113,24,27.48,95.9,5.6,45.46,Pomegranate
41,125,25,27.48,93.03,4.98,56.8,Pomegranate
23,119,6,27.88,96.88,4.79,43.53,Pomegranate
41,119,20,24.71,95.87,5.46,52.74,Pomegranate
25,106,9,26.94,95.18,5.61,57.23,Pomegranate
26,109,17,25.9,89.96,5.46,49.78,Pomegranate
24,121,19,26.19,98.22,5.22,52.93,Pomegranate
38,124,6,26.25,95.68,5.22,46.09,Pomegranate
29,109,22,25.4,88.91,5.35,53.68,Pomegranate
35,122,6,26.19,95.41,5.65,43.36,Pomegranate
33,111,14,26.18,97.94,5.67,47.42,Pomegranate
39,106,21,26.21,98.21,5.12,44.59,Pomegranate
41,114,19,26.53,95.82,5.66,43.57,Pomegranate
24,122,19,25.2,91.48,4.94,48.76,Pomegranate
37,124,11,26.48,98.37,4.81,57.57,Pomegranate
40,111,19,24.99,97.07,5.7,41.66,Pomegranate
28,123,14,27.21,90.73,4.76,46.53,Pomegranate
39,114,19,27.87,95.38,5.51,46.16,Pomegranate
38,107,26,25.26,98.78,5.05,58.76,Pomegranate
28,108,21,25.84,92.44,4.99,52.75,Pomegranate
37,108,23,25.4,91.76,4.76,46.76,Pomegranate
27,121,26,26.91,91.53,4.91,57.42,Pomegranate
29,123,15,24.92,96.0,5.48,58.99,Pomegranate
21,124,20,25.59,89.73,5.36,44.86,Pomegranate
41,126,26,26.07,90.8,4.75,58.2,Pomegranate
22,112,9,25.84,93.11,5.52,53.74,Pomegranate
38,110,20,26.31,96.36,5.73,49.07,Pomegranate
25,120,6,26.36,91.29,4.84,58.78,Pomegranate
37,116,11,27.38,95.28,5.41,46.18,Pomegranate
29,115,8,24.59,90.19,5.23,49.23,Pomegranate
35,112,19,27.51,96.58,5.18,41.72,Pomegranate
27,112,17,26.18,89.62,5.61,48.76,Pomegranate
37,124,18,26.21,94.65,5.21,42.23,Pomegranate
26,111,9,24.61,89.27,4.88,58.97,Pomegranate
34,106,6,26.32,92.75,5.65,42.09,Pomegranate
34,125,18,25.35,93.37,5.07,46.55,Pomegranate
26,118,8,26.97,96.44,5.02,51.83,Pomegranate
31,108,16,24.4,90.81,4.97,57.11,Pomegranate
36,116,7,27.43,98.15,5.38,51.29,Pomegranate
25,119,15,27.51,97.83,5.61,53.64,Pomegranate
29,114,17,28.37,92.74,4.79,41.12,Pomegranate
29,121,9,27.77,95.21,5.73,41.36,Pomegranate
40,121,24,27.49,93.89,4.92,40.48,Pomegranate
32,126,8,25.19,93.3,4.84,51.56,Pomegranate
32,122,12,24.88,91.89,5.25,54.98,Pomegranate
35,124,10,24.82,96.05,5.6,48.56,Pomegranate
25,106,16,25.95,94.97,4.81,43.82,Pomegranate
21,120,6,25.35,95.91,5.44,43.95,Pomegranate
28,122,25,28.17,89.72,5.11,42.51,Pomegranate
37,124,20,27.78,95.11,5.45,42.6,Pomegranate
22,123,24,25.78,95.62,4.87,48.43,Pomegranate
32,109,19,27.55,91.05,5.05,53.99,Pomegranate
34,123,8,26.71,94.69,5.48,57.37,Pomegranate
38,120,8,27.65,97.41,4.78,50.16,Pomegranate
39,117,17,25.68,91.03,5.73,50.9,Pomegranate
23,106,17,27.72,93.99,5.35,44.27,Pomegranate
29,109,10,27.09,97.11,4.85,47.46,Pomegranate
21,112,16,24.55,93.75,5.32,55.2,Pomegranate
35,106,14,24.98,97.5,5.7,55.29,Pomegranate
31,99,127,23.98,30.22,7.6,138.31,Banana
26,94,112,23.36,34.69,7.28,132.16,Banana
25,99,127,20.89,30.1,7.12,142.11,Banana
31,109,117,24.17,31.46,7.53,147.23,Banana
29,108,109,21.12,33.42,7.56,146.46,Banana
33,93,120,24.09,34.77,7.75,132.59,Banana
29,104,123,22.14,28.03,7.3,141.1,Banana
36,99,123,24.11,29.46,7.08,137.32,Banana
33,100,110,20.59,31.95,7.22,136.85,Banana
37,95,114,20.65,32.06,7.67,140.17,Banana
35,101,113,23.3,37.05,8.01,135.22,Banana
41,98,126,23.57,31.31,7.15,132.39,Banana
31,97,124,23.77,34.63,7.07,147.13,Banana
37,110,121,22.37,30.58,7.22,147.61,Banana
38,112,129,23.68,33.2,7.9,148.42,Banana
39,94,117,21.53,37.22,7.84,140.16,Banana
39,111,115,21.53,32.95,7.59,142.0,Banana
25,98,129,21.31,27.64,7.98,131.23,Banana
24,107,110,22.52,35.69,7.41,141.76,Banana
24,98,128,24.06,27.46,7.89,141.68,Banana
28,110,116,22.18,36.31,7.9,131.54,Banana
34,107,110,24.12,36.66,7.27,147.33,Banana
36,108,127,22.53,31.53,7.99,133.85,Banana
34,110,123,20.91,31.48,7.17,143.16,Banana
36,108,127,23.78,32.14,7.89,138.63,Banana
41,96,112,22.95,34.4,7.76,132.87,Banana
24,104,111,22.86,32.6,7.12,134.31,Banana
36,103,119,22.81,33.57,7.58,143.9,Banana
33,105,112,24.14,33.87,7.51,145.66,Banana
34,106,128,20.42,33.38,7.08,145.16,Banana
43,103,129,22.9,27.43,8.0,143.04,Banana
40,104,126,22.49,37.28,7.61,147.57,Banana
44,108,128,20.68,30.19,7.71,131.6,Banana
32,95,129,22.29,29.05,7.06,142.37,Banana
31,109,128,20.38,30.49,7.61,147.77,Banana
25,101,122,22.25,29.26,7.82,139.9,Banana
29,105,118,23.36,34.05,7.68,141.41,Banana
38,92,129,20.35,32.56,7.95,144.72,Banana
36,96,124,23.6,31.26,7.62,140.82,Banana
27,96,115,22.85,35.11,7.62,149.26,Banana
27,97,124,22.33,31.15,7.33,142.39,Banana
26,95,115,20.85,36.73,7.62,148.19,Banana
31,111,118,23.06,30.43,7.28,134.33,Banana
27,107,125,22.94,31.79,7.28,135.94,Banana
35,103,123,22.79,30.93,7.61,149.0,Banana
24,102,124,22.38,36.23,7.44,147.19,Banana
27,111,118,22.55,35.88,7.48,138.84,Banana
25,105,120,21.37,28.26,7.77,134.22,Banana
34,93,120,23.85,31.09,7.78,137.42,Banana
40,93,126,23.51,28.86,7.89,138.98,Banana
43,105,122,22.18,34.59,7.7,146.42,Banana
27,106,115,21.21,27.55,7.49,144.08,Banana
24,103,116,21.08,35.89,7.96,138.33,Banana
37,96,126,21.04,33.98,7.91,135.95,Banana
41,112,115,23.45,27.91,7.65,145.71,Banana
30,111,122,23.0,31.73,7.71,144.9,Banana
29,96,110,21.98,29.37,7.54,140.51,Banana
36,95,111,21.68,27.61,7.88,147.41,Banana
29,92,115,23.93,31.65,7.51,134.56,Banana
34,102,117,23.5,36.43,7.48,130.9,Banana
24,112,121,22.72,37.3,7.12,150.5,Banana
37,109,128,22.48,32.03,7.53,130.79,Banana
28,103,119,23.81,34.62,7.51,139.7,Banana
26,111,112,21.12,36.6,7.83,148.01,Banana
29,100,121,21.33,35.45,7.21,140.85,Banana
26,107,125,24.13,31.88,7.9,147.29,Banana
29,109,126,23.5,30.19,7.5,143.48,Banana
33,110,124,20.49,28.14,7.09,134.89,Banana
42,96,127,22.24,36.35,7.58,134.16,Banana
35,97,117,21.88,33.27,7.66,143.56,Banana
36,98,115,22.79,33.08,7.93,140.79,Banana
39,103,127,20.3,34.05,7.14,137.91,Banana
32,106,122,22.48,36.37,7.64,142.59,Banana
34,100,114,22.69,30.24,7.58,149.48,Banana
24,99,112,22.98,36.43,8.04,148.98,Banana
41,101,114,22.51,31.06,7.7,142.31,Banana
35,110,129,22.34,32.53,7.42,133.13,Banana
25,95,113,23.61,36.77,7.98,135.14,Banana
44,109,109,20.62,35.38,7.68,134.14,Banana
37,108,129,23.87,28.93,7.06,141.12,Banana
25,110,115,20.9,33.94,7.51,138.81,Banana
38,109,124,21.57,35.5,7.16,134.17,Banana
24,94,119,21.78,35.63,7.63,132.62,Banana
42,94,129,21.31,35.35,7.18,146.36,Banana
30,97,110,21.01,29.44,7.56,134.33,Banana
34,94,111,20.9,30.8,7.52,144.33,Banana
28,95,112,21.09,29.07,7.82,147.32,Banana
31,100,124,20.96,32.23,7.17,136.17,Banana
24,96,110,22.19,32.89,7.63,149.73,Banana
29,109,127,22.52,30.65,7.36,141.03,Banana
33,112,128,20.5,35.23,7.18,133.76,Banana
36,98,111,21.08,35.77,8.02,138.83,Banana
33,98,109,21.77,27.97,7.48,132.21,Banana
24,96,112,23.74,32.67,7.6,132.8,Banana
28,101,116,23.09,35.26,7.17,147.46,Banana
37,94,121,21.51,30.25,7.85,138.66,Banana
44,100,123,23.0,31.28,7.23,144.68,Banana
31,100,129,21.36,33.99,7.77,133.37,Banana
30,106,129,22.81,36.45,7.59,149.23,Banana
26,104,121,21.98,35.54,7.2,143.82,Banana
30,108,173,14.15,38.99,4.68,237.58,Mango
37,128,158,16.0,32.13,4.78,230.46,Mango
37,128,159,14.75,38.81,5.02,238.54,Mango
38,124,157,14.95,31.52,4.74,250.24,Mango
26,118,174,17.66,38.72,5.3,243.37,Mango
43,111,164,14.62,32.56,4.78,232.0,Mango
27,111,166,18.11,32.6,5.17,250.03,Mango
28,112,172,16.58,30.99,5.49,232.96,Mango
30,108,157,16.22,35.52,5.3,245.13,Mango
36,123,157,15.8,34.92,5.1,241.0,Mango
40,117,163,14.55,36.21,5.54,247.78,Mango
39,109,163,17.38,31.65,5.04,233.96,Mango
42,126,163,17.51,33.48,5.55,240.05,Mango
26,118,167,17.87,35.6,5.47,230.82,Mango
43,118,171,17.09,34.24,5.16,239.78,Mango
28,115,159,16.72,31.49,5.37,241.88,Mango
25,111,160,16.92,33.0,5.15,243.91,Mango
25,118,175,17.21,36.05,5.22,246.6,Mango
33,123,172,16.1,33.92,5.03,247.83,Mango
32,114,155,16.22,33.08,5.57,243.4,Mango
30,112,160,14.51,34.88,5.37,247.51,Mango
43,118,161,16.71,30.46,5.34,242.87,Mango
31,123,164,14.95,39.54,4.61,239.5,Mango
40,125,175,16.45,39.4,4.9,246.72,Mango
26,128,170,14.14,31.79,4.6,232.8,Mango
36,126,168,14.29,35.36,5.22,232.87,Mango
33,123,157,17.69,31.78,4.85,241.75,Mango
40,110,170,17.26,34.13,5.45,247.76,Mango
43,110,155,15.24,36.83,4.98,230.75,Mango
31,114,169,15.59,32.85,4.76,248.1,Mango
41,109,158,15.19,35.83,4.8,239.77,Mango
40,114,168,17.31,31.65,5.13,244.19,Mango
38,116,161,15.9,31.72,5.08,245.94,Mango
36,117,163,15.34,32.87,5.0,237.08,Mango
36,115,158,16.96,32.86,5.33,234.64,Mango
38,115,157,16.93,31.92,4.91,241.97,Mango
27,118,172,14.94,39.63,5.31,234.25,Mango
32,116,159,16.96,37.52,4.73,247.95,Mango
36,120,161,15.05,35.66,4.74,241.45,Mango
25,115,157,14.43,32.15,5.14,240.97,Mango
24,116,160,15.74,32.17,5.27,238.22,Mango
40,124,174,17.97,36.8,5.57,241.75,Mango
30,116,175,15.33,39.18,5.06,235.73,Mango
38,128,172,17.02,33.37,4.68,237.23,Mango
31,115,163,14.5,32.43,5.12,231.42,Mango
27,126,169,16.35,30.98,5.56,242.1,Mango
23,117,175,16.72,37.1,5.51,233.91,Mango
29,115,174,17.98,31.6,5.08,235.71,Mango
38,110,159,14.28,30.87,5.3,240.86,Mango
34,115,165,18.06,35.22,5.15,240.1,Mango
31,124,159,17.99,35.83,4.66,245.46,Mango
38,116,160,16.21,32.27,4.76,247.6,Mango
32,113,160,16.37,39.7,5.03,233.21,Mango
43,121,173,18.1,37.4,5.46,241.56,Mango
37,116,169,17.18,30.55,5.48,250.33,Mango
27,125,158,14.21,31.54,5.1,233.68,Mango
36,121,161,16.66,35.75,5.51,236.18,Mango
37,111,173,15.96,36.42,5.33,231.89,Mango
41,109,175,14.2,33.97,4.68,245.74,Mango
28,122,164,15.5,39.46,5.09,242.24,Mango
33,120,157,16.73,36.23,5.18,246.59,Mango
33,110,175,17.65,35.81,4.7,238.56,Mango
33,111,175,18.0,38.87,5.12,234.28,Mango
33,128,172,16.45,39.23,4.82,231.45,Mango
25,108,158,14.97,35.41,5.45,247.97,Mango
30,122,174,17.13,33.23,4.92,247.17,Mango
42,119,164,14.75,36.51,4.7,235.54,Mango
36,108,175,16.64,37.98,5.12,233.05,Mango
25,113,168,17.06,31.82,5.24,242.06,Mango
33,124,156,16.4,37.0,4.91,231.85,Mango
35,116,174,14.48,38.3,4.82,241.76,Mango
26,122,160,16.93,36.64,5.2,242.93,Mango
39,117,173,15.96,34.94,4.88,240.04,Mango
34,119,157,14.62,32.53,4.77,243.98,Mango
33,122,158,14.96,36.47,5.09,243.54,Mango
23,128,167,17.1,34.34,5.52,249.37,Mango
40,109,159,17.83,35.33,5.26,239.35,Mango
36,117,174,15.53,37.95,4.75,240.47,Mango
34,124,161,14.3,39.85,5.3,237.61,Mango
39,109,173,16.38,35.36,5.34,239.23,Mango
29,120,157,17.28,31.87,4.58,237.24,Mango
24,112,174,17.25,33.99,4.73,235.28,Mango
35,118,169,15.52,31.77,4.91,241.04,Mango
24,117,169,16.41,39.05,5.36,231.88,Mango
23,117,166,15.33,33.26,5.12,244.67,Mango
29,118,166,15.47,39.07,5.55,236.58,Mango
31,109,160,17.36,37.25,5.32,232.9,Mango
37,119,165,14.52,34.18,4.81,241.31,Mango
32,116,164,16.12,35.12,5.32,237.37,Mango
31,122,166,15.8,36.14,5.4,249.66,Mango
27,126,169,14.54,36.54,4.81,233.12,Mango
32,114,174,17.48,38.38,5.06,235.24,Mango
30,117,174,15.13,35.69,4.94,233.72,Mango
30,115,175,18.12,31.66,5.41,245.36,Mango
26,116,164,15.53,36.33,4.87,234.35,Mango
23,112,171,18.06,40.34,5.16,233.27,Mango
42,119,166,16.48,34.12,4.93,243.9,Mango
24,128,160,16.52,37.36,5.2,235.07,Mango
35,119,169,15.89,35.63,4.6,237.99,Mango
43,124,160,14.76,33.5,5.55,240.61,Mango
8,110,169,23.62,49.71,6.54,61.87,Grapes
11,106,187,23.97,49.0,6.65,73.82,Grapes
12,112,172,24.6,51.09,6.66,67.03,Grapes
0,107,181,23.44,46.85,6.64,61.05,Grapes
12,112,173,23.72,49.72,6.29,75.03,Grapes
0,119,188,22.92,45.98,5.73,62.5,Grapes
1,103,185,24.98,51.21,6.29,72.94,Grapes
1,120,180,22.64,45.4,5.84,64.9,Grapes
4,108,180,25.6,50.54,6.67,72.8,Grapes
1,109,175,25.62,47.11,6.35,62.28,Grapes
6,114,178,25.95,48.31,5.89,65.42,Grapes
0,110,189,26.37,43.36,6.04,61.17,Grapes
11,108,174,24.04,45.72,5.92,59.76,Grapes
9,102,187,26.38,52.66,6.53,73.01,Grapes
1,102,183,23.21,49.18,5.88,64.41,Grapes
6,117,188,25.88,51.73,6.16,59.31,Grapes
11,106,171,23.1,44.09,6.49,71.16,Grapes
1,103,178,25.85,47.67,5.85,73.99,Grapes
0,100,178,24.17,43.91,6.38,62.87,Grapes
10,108,176,22.8,46.89,6.07,72.1,Grapes
4,104,182,23.95,44.93,6.64,72.35,Grapes
0,106,181,24.57,47.53,6.47,59.02,Grapes
2,102,173,22.87,46.84,6.52,63.32,Grapes
0,111,188,22.79,43.05,6.51,71.1,Grapes
6,112,180,24.25,47.65,6.0,55.73,Grapes
5,115,188,24.0,52.24,5.75,69.5,Grapes
0,105,173,23.28,47.65,6.45,73.91,Grapes
4,106,178,25.69,52.92,5.91,71.3,Grapes
0,106,184,22.88,51.24,6.45,74.49,Grapes
0,104,183,25.37,45.15,6.7,69.35,Grapes
5,112,174,24.21,51.33,5.97,59.34,Grapes
0,100,182,24.65,46.61,5.95,65.99,Grapes
6,107,180,23.73,47.32,6.51,61.16,Grapes
0,108,187,25.44,46.03,6.07,56.75,Grapes
9,102,186,25.39,44.25,6.68,58.43,Grapes
11,109,171,23.04,45.96,6.2,60.96,Grapes
11,111,172,23.63,49.61,5.86,59.75,Grapes
2,110,186,24.97,51.98,6.13,55.78,Grapes
0,120,187,23.07,51.21,6.48,58.89,Grapes
0,104,174,23.06,50.37,6.27,63.84,Grapes
0,105,180,26.29,50.93,6.06,67.46,Grapes
9,104,177,24.34,47.14,6.63,71.88,Grapes
7,117,184,25.51,44.7,6.38,73.4,Grapes
8,111,174,26.5,43.06,6.44,74.84,Grapes
0,102,183,25.42,51.57,6.7,59.61,Grapes
6,105,188,26.28,50.05,6.72,55.99,Grapes
0,116,185,25.89,49.7,6.53,73.29,Grapes
0,113,177,26.42,43.92,6.07,64.49,Grapes
1,119,170,23.36,51.34,6.38,57.46,Grapes
0,118,170,22.75,45.06,5.94,75.12,Grapes
11,107,174,25.98,49.6,5.79,73.78,Grapes
3,109,174,25.15,49.45,6.03,65.04,Grapes
9,100,189,23.94,45.23,6.73,58.96,Grapes
0,117,173,24.11,44.85,6.41,70.23,Grapes
12,111,180,24.03,51.16,6.6,65.07,Grapes
6,112,169,25.67,44.28,6.17,57.37,Grapes
12,108,179,23.66,52.69,6.43,64.73,Grapes
12,116,174,25.54,48.07,6.49,61.46,Grapes
4,116,184,23.58,43.95,6.03,58.79,Grapes
0,115,188,24.01,50.61,6.52,59.78,Grapes
4,111,177,23.24,49.81,6.65,65.93,Grapes
4,111,189,22.75,45.07,6.54,61.05,Grapes
2,119,173,24.68,49.09,6.2,61.1,Grapes
0,106,176,25.77,49.52,6.26,70.12,Grapes
0,115,179,24.93,45.18,6.57,62.9,Grapes
0,107,184,26.31,52.83,6.03,70.17,Grapes
12,108,175,25.87,50.93,6.17,64.39,Grapes
12,101,189,24.82,45.66,5.85,63.48,Grapes
5,101,188,26.1,52.57,6.12,55.47,Grapes
1,114,172,24.55,44.46,6.62,69.01,Grapes
0,112,176,23.11,45.76,5.81,69.33,Grapes
1,112,183,24.4,45.85,6.64,62.92,Grapes
4,100,188,26.16,51.07,6.51,65.64,Grapes
0,110,181,26.09,51.7,6.41,71.36,Grapes
0,116,179,24.35,47.77,6.21,56.7,Grapes
3,115,173,23.51,50.88,6.58,59.48,Grapes
0,101,170,25.3,48.58,6.1,57.1,Grapes
7,102,189,22.62,44.04,6.61,58.67,Grapes
10,120,189,23.21,45.06,6.41,72.65,Grapes
0,105,188,25.29,46.79,6.42,75.03,Grapes
0,119,186,26.35,51.44,5.91,70.31,Grapes
0,106,175,23.97,45.41,5.88,58.42,Grapes
12,117,173,22.84,43.05,6.54,66.7,Grapes
9,109,174,23.08,46.71,6.04,62.46,Grapes
0,111,176,25.03,52.87,6.02,71.65,Grapes
3,113,182,26.37,44.49,6.15,59.89,Grapes
1,109,188,26.31,43.9,5.75,56.8,Grapes
0,114,187,22.83,48.22,6.5,73.13,Grapes
0,115,173,23.55,50.22,6.39,59.43,Grapes
0,117,171,25.56,45.8,6.24,74.35,Grapes
0,105,175,25.27,45.48,6.45,57.56,Grapes
4,115,178,23.29,47.67,6.15,72.34,Grapes
8,109,185,24.01,44.8,5.79,64.08,Grapes
0,120,187,22.72,45.25,6.35,62.27,Grapes
10,113,179,25.53,48.09,6.33,65.8,Grapes
8,113,174,25.84,51.52,6.05,67.24,Grapes
5,117,172,23.8,49.74,6.04,58.26,Grapes
12,116,174,23.67,45.38,5.96,70.54,Grapes
5,103,181,26.46,48.53,6.68,59.75,Grapes
0,102,171,23.54,47.47,6.06,71.13,Grapes
14,5,6,25.07,65.92,8.16,192.09,Watermelon
25,20,12,23.95,56.35,8.55,179.66,Watermelon
26,14,19,24.26,61.62,8.85,184.88,Watermelon
27,12,15,25.82,56.79,8.26,184.13,Watermelon
30,16,5,24.53,64.59,8.03,176.9,Watermelon
30,10,5,26.32,60.51,8.24,178.68,Watermelon
19,16,7,24.19,57.46,8.7,182.54,Watermelon
13,6,10,26.1,61.09,8.34,195.78,Watermelon
24,13,7,26.41,61.48,8.52,181.57,Watermelon
20,16,16,26.71,63.64,8.67,186.22,Watermelon
22,14,9,24.03,58.11,8.65,180.24,Watermelon
28,5,11,26.48,58.21,8.12,178.06,Watermelon
15,17,5,27.41,60.57,8.48,185.87,Watermelon
28,22,17,23.81,60.38,8.88,192.23,Watermelon
27,10,13,24.58,63.59,8.25,189.06,Watermelon
26,5,5,26.61,65.21,8.25,186.68,Watermelon
20,9,9,24.89,66.24,8.02,184.57,Watermelon
26,22,8,27.69,65.16,8.53,182.79,Watermelon
30,11,5,26.91,64.59,8.73,189.35,Watermelon
24,16,18,24.03,60.29,8.32,193.64,Watermelon
32,18,22,27.46,62.11,8.84,187.39,Watermelon
29,15,20,27.58,61.67,8.26,185.26,Watermelon
19,18,5,26.31,65.98,8.75,181.39,Watermelon
26,24,5,25.43,60.55,8.27,190.73,Watermelon
22,5,13,24.62,63.5,8.4,180.63,Watermelon
21,13,18,25.59,60.87,8.45,191.92,Watermelon
25,18,12,25.2,57.88,8.6,192.67,Watermelon
16,23,10,24.18,62.5,8.23,183.62,Watermelon
22,10,5,24.78,57.59,8.72,196.78,Watermelon
31,20,21,25.08,62.28,8.84,181.04,Watermelon
13,5,14,24.42,65.04,8.19,187.61,Watermelon
27,23,14,25.65,59.6,8.16,186.32,Watermelon
18,9,18,25.45,62.71,8.65,187.61,Watermelon
26,19,22,23.79,65.73,8.24,181.36,Watermelon
31,11,22,24.95,63.64,8.21,194.86,Watermelon
29,5,22,24.11,61.46,8.85,194.08,Watermelon
19,6,16,27.56,60.15,8.87,181.49,Watermelon
18,21,8,24.74,58.05,8.52,187.2,Watermelon
21,14,14,27.11,64.06,8.56,181.92,Watermelon
16,10,13,26.83,59.86,8.62,178.7,Watermelon
17,11,7,24.03,57.76,8.94,194.74,Watermelon
13,21,5,26.91,59.37,8.93,186.72,Watermelon
28,5,11,23.78,65.81,8.54,191.71,Watermelon
22,5,9,25.55,64.78,8.77,193.05,Watermelon
21,24,17,26.52,57.17,8.5,191.54,Watermelon
27,5,11,27.05,63.88,8.26,193.84,Watermelon
22,19,21,24.42,66.02,8.75,195.24,Watermelon
13,16,5,25.61,63.31,8.84,189.82,Watermelon
28,17,8,24.4,64.91,8.68,184.87,Watermelon
31,19,9,26.3,57.62,8.79,184.63,Watermelon
27,5,19,25.15,62.22,8.13,186.06,Watermelon
16,15,20,24.53,64.84,8.39,184.0,Watermelon
23,15,18,25.76,60.74,8.78,194.75,Watermelon
22,19,11,26.34,57.7,8.77,194.89,Watermelon
15,12,21,24.94,63.35,8.43,186.89,Watermelon
25,7,12,24.45,61.66,8.94,177.45,Watermelon
12,5,20,25.33,63.69,8.56,178.09,Watermelon
17,17,15,26.27,60.48,8.74,192.55,Watermelon
15,23,16,27.3,57.75,8.42,188.07,Watermelon
21,6,20,25.23,59.33,8.95,186.75,Watermelon
13,5,10,25.43,64.93,8.09,189.99,Watermelon
26,8,18,26.26,62.13,8.84,191.1,Watermelon
12,8,20,26.47,64.99,7.97,195.03,Watermelon
23,19,17,24.53,62.2,8.6,181.29,Watermelon
14,24,5,26.84,65.23,8.73,192.45,Watermelon
24,16,7,25.55,59.3,8.04,195.69,Watermelon
20,23,5,26.23,57.68,8.25,193.07,Watermelon
32,23,14,27.68,64.28,8.95,192.55,Watermelon
23,12,16,26.61,62.94,8.02,192.82,Watermelon
21,19,22,23.94,56.46,8.09,193.54,Watermelon
26,24,9,26.73,59.89,8.08,178.65,Watermelon
16,5,14,27.01,65.49,8.43,191.47,Watermelon
24,10,22,26.61,66.32,8.91,196.74,Watermelon
18,10,10,27.68,64.55,8.81,193.09,Watermelon
24,20,5,27.44,64.14,8.91,191.03,Watermelon
27,19,9,27.31,58.63,8.88,194.5,Watermelon
29,16,7,23.85,57.69,8.28,182.19,Watermelon
21,24,15,23.93,60.42,8.46,185.73,Watermelon
16,24,22,27.15,60.41,8.23,176.83,Watermelon
30,12,9,25.68,63.06,8.24,177.22,Watermelon
27,6,10,24.72,61.8,8.14,193.11,Watermelon
16,15,11,26.31,64.77,8.63,185.13,Watermelon
19,21,17,27.09,61.05,8.03,193.91,Watermelon
25,5,18,26.54,65.72,8.37,184.25,Watermelon
17,6,12,24.36,58.01,8.62,191.61,Watermelon
23,24,7,26.03,56.61,8.48,184.97,Watermelon
15,20,5,24.39,57.02,8.1,195.14,Watermelon
20,18,22,26.06,60.22,8.5,185.88,Watermelon
13,14,16,26.36,60.71,8.52,191.12,Watermelon
17,18,12,26.78,61.41,8.22,185.5,Watermelon
24,6,9,24.25,60.4,8.51,184.17,Watermelon
19,16,15,27.67,58.69,8.32,183.0,Watermelon
23,14,20,27.42,56.37,8.74,178.34,Watermelon
19,24,5,25.87,58.31,8.04,177.88,Watermelon
21,8,12,26.93,56.37,8.9,191.47,Watermelon
15,17,5,27.41,57.47,8.63,188.9,Watermelon
26,13,10,25.31,58.62,8.16,180.22,Watermelon
17,6,18,27.19,58.68,8.37,196.35,Watermelon
18,22,11,27.64,56.45,8.02,193.03,Watermelon
17,21,7,23.85,64.5,7.97,192.9,Watermelon
6,29,130,19.43,53.01,5.88,118.67,Muskmelon
0,29,123,20.7,47.54,6.52,117.69,Muskmelon
0,35,123,17.53,47.12,6.19,134.3,Muskmelon
0,44,134,21.05,50.9,6.17,136.26,Muskmelon
0,30,138,19.47,54.36,6.73,122.3,Muskmelon
7,38,122,19.09,55.03,5.92,119.22,Muskmelon
0,47,131,17.95,48.98,6.59,122.36,Muskmelon
0,30,127,18.96,53.5,6.42,118.53,Muskmelon
9,46,126,18.21,49.41,6.69,136.28,Muskmelon
9,43,125,20.56,47.11,6.26,123.61,Muskmelon
0,46,125,20.68,48.98,6.21,134.86,Muskmelon
0,30,136,20.6,55.42,6.26,123.5,Muskmelon
9,38,138,18.98,54.98,6.0,129.38,Muskmelon
0,35,119,19.8,46.53,5.94,134.13,Muskmelon
0,36,136,17.36,51.44,6.02,133.47,Muskmelon
4,36,120,20.59,48.41,6.15,123.42,Muskmelon
6,49,130,20.48,52.14,6.16,118.89,Muskmelon
3,36,135,21.05,51.07,6.43,132.85,Muskmelon
9,33,131,19.52,52.88,6.12,123.11,Muskmelon
0,31,131,20.47,51.86,6.78,118.85,Muskmelon
7,42,120,17.52,47.43,5.91,121.91,Muskmelon
5,29,138,17.95,53.36,6.24,119.4,Muskmelon
3,31,128,19.1,54.81,6.14,133.31,Muskmelon
1,34,135,18.25,49.55,6.01,118.97,Muskmelon
0,32,124,18.85,46.56,6.22,135.48,Muskmelon
0,39,122,19.29,49.32,6.61,125.62,Muskmelon
2,39,139,21.02,54.95,6.31,123.05,Muskmelon
1,33,139,19.88,49.65,6.21,136.32,Muskmelon
0,41,138,19.64,55.82,6.42,122.67,Muskmelon
0,42,136,19.43,47.93,6.14,133.64,Muskmelon
6,33,123,18.34,50.89,6.01,127.47,Muskmelon
0,44,139,19.69,53.5,6.73,131.06,Muskmelon
0,49,128,19.45,50.2,6.8,135.2,Muskmelon
0,45,131,18.27,53.13,6.16,131.28,Muskmelon
10,36,135,19.13,54.54,6.56,125.91,Muskmelon
0,35,130,20.2,54.38,5.83,126.37,Muskmelon
0,43,131,19.92,50.98,6.59,117.38,Muskmelon
1,32,120,20.22,50.87,6.27,118.15,Muskmelon
0,38,120,18.69,47.68,6.48,134.02,Muskmelon
10,47,134,17.77,50.19,6.75,123.9,Muskmelon
4,37,126,18.65,51.12,6.16,133.89,Muskmelon
3,36,123,20.9,53.71,6.38,134.21,Muskmelon
0,49,130,19.78,51.09,5.88,125.74,Muskmelon
0,33,130,17.62,54.02,6.44,125.47,Muskmelon
0,42,133,19.04,50.66,5.99,132.34,Muskmelon
0,47,130,20.44,50.28,6.35,131.32,Muskmelon
8,49,137,20.97,56.04,6.17,133.06,Muskmelon
0,36,127,17.18,49.18,6.73,121.15,Muskmelon
0,41,122,20.0,46.86,6.26,136.8,Muskmelon
7,31,131,19.33,51.83,5.92,122.0,Muskmelon
0,35,125,19.07,46.53,5.87,136.57,Muskmelon
2,45,134,18.31,47.29,6.23,120.28,Muskmelon
0,37,124,21.04,55.16,6.34,127.49,Muskmelon
0,30,134,20.07,48.02,5.93,131.03,Muskmelon
0,49,133,19.99,50.29,6.08,128.02,Muskmelon
6,40,128,17.77,52.72,6.76,122.1,Muskmelon
1,37,136,18.24,46.47,6.06,118.44,Muskmelon
2,48,128,20.79,47.24,6.28,124.44,Muskmelon
0,41,136,19.53,51.59,5.82,127.27,Muskmelon
0,38,128,20.91,53.83,5.91,128.97,Muskmelon
7,39,121,18.39,51.99,6.55,135.57,Muskmelon
0,31,124,20.88,48.27,6.18,125.39,Muskmelon
0,47,122,20.64,47.36,6.09,119.54,Muskmelon
3,36,133,18.37,49.32,5.98,127.88,Muskmelon
0,32,126,17.9,49.71,6.5,127.2,Muskmelon
0,44,130,20.26,46.57,6.31,123.2,Muskmelon
0,33,120,19.58,49.66,6.43,132.42,Muskmelon
0,38,132,18.63,49.79,6.45,129.76,Muskmelon
0,37,125,17.92,53.8,6.39,134.15,Muskmelon
0,32,139,18.55,56.37,6.75,120.9,Muskmelon
9,42,128,20.35,52.42,5.91,132.2,Muskmelon
3,39,123,17.86,49.56,6.45,128.63,Muskmelon
7,46,119,17.66,51.34,6.68,117.1,Muskmelon
3,32,124,19.61,47.32,6.34,121.25,Muskmelon
0,34,127,18.53,48.06,6.65,125.56,Muskmelon
0,34,121,20.68,53.17,6.55,128.69,Muskmelon
5,46,123,19.46,47.37,5.92,129.87,Muskmelon
2,45,135,20.93,47.67,6.45,126.25,Muskmelon
0,46,134,17.21,54.04,6.65,128.38,Muskmelon
0,47,138,18.81,52.67,6.28,119.69,Muskmelon
0,48,137,21.05,52.2,6.35,133.48,Muskmelon
9,44,122,17.32,46.94,6.01,127.89,Muskmelon
2,41,132,17.92,51.93,6.51,130.68,Muskmelon
0,30,119,19.94,51.85,5.88,127.82,Muskmelon
0,46,131,19.89,55.29,6.81,125.7,Muskmelon
5,37,132,20.46,50.72,6.16,120.63,Muskmelon
0,45,138,19.99,51.11,6.81,130.18,Muskmelon
0,41,121,17.84,49.19,6.38,119.29,Muskmelon
9,38,123,19.67,49.11,6.79,131.46,Muskmelon
10,44,125,18.53,48.55,5.98,128.44,Muskmelon
0,42,132,17.34,51.34,6.78,120.94,Muskmelon
6,45,135,21.12,49.33,5.87,133.5,Muskmelon
10,40,121,18.39,49.1,6.4,122.93,Muskmelon
4,33,134,20.45,49.72,6.32,122.38,Muskmelon
1,44,128,18.03,56.06,6.5,135.0,Muskmelon
4,49,130,19.92,51.09,6.6,120.05,Muskmelon
0,33,131,20.05,47.35,6.54,122.7,Muskmelon
2,46,139,20.36,49.41,6.14,135.86,Muskmelon
0,44,135,19.54,55.28,6.37,117.59,Muskmelon
0,44,125,20.58,49.95,6.57,129.48,Muskmelon
107,72,122,28.1,60.67,5.61,116.53,Apple
94,78,127,29.57,59.45,5.61,112.41,Apple
100,88,119,27.65,56.63,5.57,118.78,Apple
103,82,118,27.14,57.96,6.4,121.84,Apple
99,73,114,27.78,66.1,5.49,105.12,Apple
91,87,119,27.33,63.35,5.99,115.87,Apple
106,78,119,29.14,56.61,6.33,113.85,Apple
98,86,125,27.51,62.75,5.7,107.2,Apple
103,71,107,30.09,59.69,5.92,111.65,Apple
101,79,117,28.13,64.34,5.66,111.79,Apple
88,90,121,28.4,59.76,6.05,122.38,Apple
89,82,108,29.86,60.01,6.22,121.5,Apple
95,86,107,28.31,57.74,6.05,118.88,Apple
102,80,107,28.06,59.0,5.83,109.64,Apple
88,85,113,27.1,65.17,5.99,110.64,Apple
93,83,123,27.6,61.56,5.76,114.87,Apple
89,83,125,28.76,65.89,6.01,111.97,Apple
95,87,117,27.81,63.29,6.29,112.71,Apple
89,90,111,27.35,62.75,6.11,110.99,Apple
104,80,115,27.23,63.19,5.72,104.77,Apple
101,90,112,30.34,58.96,5.57,122.63,Apple
104,78,122,30.47,65.62,6.16,112.58,Apple
105,79,108,28.31,59.84,5.61,116.85,Apple
101,81,125,29.25,61.76,5.71,121.66,Apple
106,79,116,29.99,64.66,5.83,106.27,Apple
90,83,121,29.76,57.92,6.35,118.38,Apple
104,81,107,30.65,56.22,5.78,111.1,Apple
107,78,111,28.25,65.64,5.61,115.17,Apple
106,82,117,30.41,59.94,6.24,117.41,Apple
106,90,107,27.27,59.95,5.8,124.17,Apple
106,72,113,28.71,60.61,5.6,108.05,Apple
98,81,112,27.63,62.07,5.8,108.22,Apple
90,72,109,30.84,62.18,6.27,111.64,Apple
96,88,127,30.05,56.46,6.25,112.07,Apple
94,78,124,29.9,57.35,5.88,112.62,Apple
89,78,118,27.63,60.13,5.66,108.89,Apple
95,91,119,30.91,57.79,6.22,118.67,Apple
89,91,109,29.76,57.17,6.05,105.73,Apple
104,91,111,28.2,57.74,5.65,120.02,Apple
92,71,112,29.14,64.85,5.83,105.34,Apple
107,87,122,29.06,65.42,6.31,114.91,Apple
89,73,119,29.59,57.67,6.04,112.5,Apple
99,76,117,27.89,56.89,5.87,121.88,Apple
97,90,126,28.07,57.76,5.75,113.15,Apple
101,74,110,27.06,62.58,6.34,112.63,Apple
103,87,115,28.98,65.06,5.49,114.45,Apple
95,75,121,30.6,57.82,5.66,112.1,Apple
95,78,117,29.32,57.32,6.25,109.57,Apple
90,82,119,27.57,61.26,5.55,105.04,Apple
93,75,107,30.1,57.43,6.33,123.74,Apple
96,82,117,27.25,61.85,5.42,104.49,Apple
91,86,120,30.44,62.41,6.27,115.65,Apple
102,81,123,27.05,61.2,6.18,123.85,Apple
92,82,109,30.03,63.91,6.01,120.3,Apple
97,82,109,29.51,64.2,6.1,107.36,Apple
99,89,107,28.99,64.49,5.62,120.37,Apple
105,73,118,30.03,56.93,5.71,119.33,Apple
98,85,126,29.64,63.21,5.99,105.94,Apple
103,75,121,30.4,56.28,6.21,112.5,Apple
104,74,108,27.48,58.34,5.42,105.35,Apple
89,82,121,30.79,65.73,6.41,120.17,Apple
89,82,112,27.84,59.9,5.53,105.09,Apple
93,78,126,28.89,56.28,5.43,113.11,Apple
95,85,127,28.64,58.2,6.12,105.22,Apple
99,90,114,30.07,59.56,5.63,121.82,Apple
91,91,112,27.0,65.01,5.74,111.39,Apple
88,86,117,29.54,56.77,6.13,109.36,Apple
100,83,114,27.69,60.45,6.36,108.35,Apple
89,72,113,30.04,58.67,6.38,117.56,Apple
96,78,119,29.08,60.89,5.5,118.84,Apple
107,75,113,27.75,58.12,5.52,107.03,Apple
101,75,109,27.56,58.12,5.63,114.2,Apple
99,84,122,27.91,64.4,5.61,109.74,Apple
103,75,123,29.03,58.96,5.84,123.06,Apple
92,71,111,26.95,65.94,5.44,107.35,Apple
92,86,107,27.13,57.22,5.73,114.2,Apple
100,87,110,29.75,64.57,6.19,109.01,Apple
94,74,111,27.46,61.67,5.91,104.53,Apple
99,86,127,30.44,63.27,5.46,116.75,Apple
106,73,107,27.36,65.46,5.98,104.68,Apple
90,77,111,30.36,57.3,5.46,123.24,Apple
91,85,122,28.35,65.17,6.04,104.98,Apple
107,90,126,29.01,65.46,5.65,114.6,Apple
92,82,112,27.98,66.13,5.88,110.64,Apple
105,73,115,30.79,60.46,5.59,116.92,Apple
98,71,107,27.2,60.99,5.45,116.15,Apple
98,76,122,28.59,60.24,6.19,115.61,Apple
103,74,108,29.24,62.1,6.12,106.5,Apple
89,71,125,29.36,62.56,5.93,112.22,Apple
106,90,120,27.08,57.22,6.39,123.26,Apple
104,73,114,30.85,58.95,5.89,107.42,Apple
102,77,126,28.06,57.47,5.94,117.16,Apple
108,86,126,28.99,61.21,5.96,118.06,Apple
105,74,120,27.14,57.21,6.16,117.27,Apple
108,91,112,28.94,56.54,5.46,119.14,Apple
97,76,109,27.34,64.42,6.15,122.63,Apple
100,71,116,27.07,57.05,6.39,109.32,Apple
104,82,116,30.7,65.93,5.47,122.7,Apple
102,79,123,29.88,61.08,5.48,110.08,Apple
108,79,108,27.21,58.85,5.88,118.91,Apple
67,92,100,28.71,44.54,5.58,170.74,Orange
68,97,108,31.05,49.97,5.34,182.9,Orange
57,93,98,29.4,45.24,4.88,172.95,Orange
67,90,106,30.66,50.47,5.04,177.98,Orange
50,86,101,32.36,50.96,5.11,188.21,Orange
69,88,110,31.08,43.92,5.41,169.62,Orange
51,94,106,30.62,46.26,5.04,172.34,Orange
60,100,105,29.58,47.49,5.47,179.86,Orange
63,89,102,30.34,51.43,5.52,179.33,Orange
66,102,106,30.44,52.27,5.45,174.16,Orange
53,93,117,32.48,52.98,5.49,171.4,Orange
56,87,99,30.87,51.05,5.73,174.17,Orange
68,87,111,31.61,52.18,5.21,178.0,Orange
61,102,100,30.56,45.65,5.09,177.9,Orange
69,98,115,31.61,49.66,5.76,180.22,Orange
69,97,116,31.53,45.1,5.69,178.09,Orange
54,96,109,28.64,53.03,5.46,173.21,Orange
62,94,117,29.82,53.38,5.32,170.6,Orange
52,89,101,30.03,48.99,5.11,174.69,Orange
58,96,113,30.32,53.1,5.47,180.64,Orange
65,106,104,31.86,43.9,5.39,176.24,Orange
51,97,107,28.77,46.52,5.71,177.35,Orange
54,96,103,32.26,44.09,5.64,186.57,Orange
61,105,113,31.4,52.75,5.35,185.25,Orange
65,102,116,31.52,51.45,5.31,176.76,Orange
55,104,111,29.8,52.58,5.72,178.0,Orange
50,95,112,31.99,46.99,5.15,177.28,Orange
61,98,112,30.82,45.49,5.4,183.23,Orange
62,98,102,30.05,52.66,5.45,186.67,Orange
62,90,104,30.96,46.61,5.08,178.47,Orange
57,92,108,31.31,45.77,5.4,177.76,Orange
66,87,105,30.48,44.82,4.98,186.03,Orange
54,86,99,30.24,52.72,5.34,174.83,Orange
49,102,114,28.78,50.84,4.98,175.52,Orange
54,100,116,31.5,46.36,5.47,175.19,Orange
62,101,103,30.35,44.47,5.36,177.45,Orange
62,105,99,32.19,47.6,5.09,186.0,Orange
53,88,100,30.93,49.0,5.16,173.24,Orange
67,95,107,29.71,50.25,5.36,171.76,Orange
59,89,114,31.65,47.02,5.71,176.34,Orange
69,103,117,31.61,45.67,5.21,169.62,Orange
51,101,109,30.09,46.11,5.47,185.26,Orange
66,100,104,29.59,53.0,4.91,186.6,Orange
57,101,98,30.01,51.69,5.3,188.92,Orange
59,99,99,29.02,45.79,5.76,175.68,Orange
66,88,100,29.02,46.48,5.05,178.48,Orange
50,102,101,31.61,51.83,5.17,178.4,Orange
57,99,109,30.45,49.97,5.8,172.79,Orange
59,97,99,31.51,48.38,5.31,187.67,Orange
63,97,99,31.17,52.94,5.32,176.96,Orange
49,104,98,31.57,49.69,5.1,170.34,Orange
66,91,99,32.2,46.6,4.84,179.39,Orange
60,94,116,32.47,47.02,5.13,188.31,Orange
57,87,115,31.55,50.75,5.36,185.82,Orange
64,103,108,30.67,53.34,5.42,173.04,Orange
53,88,115,31.82,53.27,4.89,184.46,Orange
58,89,112,29.98,48.2,5.41,183.52,Orange
59,100,114,30.64,44.58,5.83,181.28,Orange
60,89,97,29.65,45.39,5.39,171.11,Orange
62,104,100,29.71,45.27,5.56,182.35,Orange
53,94,108,28.62,51.67,5.43,189.32,Orange
67,86,100,29.57,46.69,5.53,188.9,Orange
57,104,106,32.2,45.44,5.08,169.77,Orange
61,94,109,31.19,44.09,5.2,174.7,Orange
54,96,114,29.59,50.07,5.3,187.26,Orange
60,95,116,29.59,52.78,5.23,171.3,Orange
67,101,103,28.96,53.12,5.63,176.82,Orange
59,101,103,29.26,46.1,4.95,184.27,Orange
57,100,106,30.52,50.27,5.17,180.73,Orange
55,97,101,30.43,48.76,5.52,181.53,Orange
54,90,115,31.94,49.02,5.58,174.58,Orange
59,92,104,29.36,49.54,5.21,177.16,Orange
68,86,106,28.92,45.82,5.52,185.72,Orange
53,90,103,30.6,52.29,5.32,189.09,Orange
67,93,108,29.36,46.87,5.11,189.28,Orange
58,89,107,31.11,53.32,5.0,169.48,Orange
65,96,99,30.81,52.16,5.77,169.78,Orange
62,89,113,29.04,53.38,5.09,187.56,Orange
65,102,113,32.23,46.54,5.27,179.0,Orange
62,90,104,31.52,44.01,5.56,183.97,Orange
52,102,109,31.19,46.21,4.84,173.9,Orange
54,101,111,31.68,49.11,5.76,177.84,Orange
60,94,103,28.79,44.29,5.55,185.93,Orange
50,92,106,30.45,52.16,5.25,183.52,Orange
61,104,108,32.24,44.95,5.45,181.67,Orange
57,91,108,30.12,44.21,4.92,183.72,Orange
54,92,100,30.95,48.93,4.88,180.45,Orange
64,97,98,30.22,53.07,5.52,175.21,Orange
60,106,116,31.38,47.12,4.88,187.06,Orange
60,88,102,30.42,51.86,5.3,184.95,Orange
56,96,105,32.33,48.99,5.83,172.75,Orange
51,88,111,31.93,50.08,5.63,180.19,Orange
63,102,110,29.14,46.05,4.99,184.16,Orange
65,101,103,31.55,46.2,5.24,169.39,Orange
60,87,117,30.91,45.63,4.97,188.41,Orange
49,88,112,32.29,53.88,5.16,183.77,Orange
49,96,116,29.48,50.74,5.31,181.18,Orange
56,101,103,30.41,50.85,5.19,182.53,Orange
60,100,108,30.21,46.88,5.22,180.54,Orange
69,90,117,29.53,46.55,4.9,184.12,Orange
49,117,153,25.35,44.45,6.85,232.24,Papaya
56,108,162,26.71,47.97,7.2,241.25,Papaya
43,111,153,28.35,44.27,6.71,223.39,Papaya
47,108,154,27.54,45.05,6.79,233.1,Papaya
54,120,167,28.67,49.87,7.07,238.88,Papaya
52,107,165,27.7,50.94,6.72,238.59,Papaya
51,123,155,27.73,52.35,6.4,223.27,Papaya
41,122,156,26.78,45.12,6.97,227.62,Papaya
55,122,154,27.93,48.48,6.92,228.56,Papaya
43,115,158,28.68,44.95,6.24,228.87,Papaya
54,118,158,27.87,48.05,6.73,225.24,Papaya
58,125,168,28.34,43.94,6.82,237.76,Papaya
58,118,166,28.09,43.21,6.61,232.37,Papaya
39,114,154,25.22,48.56,6.68,221.82,Papaya
42,114,152,25.24,52.8,6.87,228.73,Papaya
48,108,170,25.73,50.11,6.76,226.67,Papaya
39,107,159,25.8,44.41,6.29,240.25,Papaya
40,111,152,25.78,45.09,6.63,228.66,Papaya
56,120,169,27.5,52.5,6.25,231.16,Papaya
41,111,169,28.45,51.23,7.15,228.81,Papaya
57,119,152,28.55,49.81,7.04,232.41,Papaya
58,116,167,26.79,44.68,6.94,228.81,Papaya
49,112,170,27.65,46.84,6.9,230.08,Papaya
53,121,158,25.61,52.43,6.43,235.26,Papaya
54,121,170,28.1,43.36,7.17,232.61,Papaya
53,106,156,28.51,48.5,6.47,234.0,Papaya
51,107,159,26.85,44.6,6.92,240.12,Papaya
53,109,169,26.24,48.06,6.82,224.24,Papaya
58,107,163,27.84,51.31,6.37,222.43,Papaya
53,120,165,28.0,44.61,6.89,230.08,Papaya
51,124,168,27.84,50.66,7.1,235.92,Papaya
42,119,158,25.67,44.9,7.15,241.5,Papaya
58,111,164,25.25,52.51,6.66,229.96,Papaya
57,120,154,25.74,46.38,6.58,235.91,Papaya
50,120,170,25.63,52.34,6.26,231.81,Papaya
52,113,167,28.87,45.32,6.27,223.14,Papaya
58,110,165,26.35,52.78,6.4,225.15,Papaya
40,124,168,27.16,45.77,6.81,226.44,Papaya
57,121,169,26.11,49.53,6.81,225.79,Papaya
50,105,155,27.88,51.75,6.56,223.85,Papaya
58,107,152,27.02,48.77,7.02,230.51,Papaya
39,106,151,27.86,52.9,6.54,231.24,Papaya
51,115,167,26.44,46.84,7.13,226.94,Papaya
49,108,163,26.28,43.28,6.41,222.66,Papaya
44,111,164,28.69,42.97,6.67,236.04,Papaya
47,119,164,25.59,43.47,6.79,237.68,Papaya
42,122,157,28.91,47.33,6.89,239.97,Papaya
39,116,165,26.79,44.1,7.19,238.38,Papaya
53,118,169,26.71,51.31,6.26,237.67,Papaya
44,111,154,28.35,46.27,6.6,221.87,Papaya
45,117,159,25.2,48.74,7.04,237.04,Papaya
57,125,170,27.33,52.45,6.87,236.77,Papaya
50,114,158,27.27,48.33,6.47,222.97,Papaya
43,120,164,28.17,47.52,6.59,228.15,Papaya
46,123,163,25.53,46.88,6.6,238.03,Papaya
53,123,150,25.86,50.08,6.71,232.42,Papaya
42,121,160,28.39,48.3,6.41,236.43,Papaya
46,114,151,28.83,46.41,6.61,224.85,Papaya
54,122,152,29.06,47.16,7.05,229.34,Papaya
44,109,159,27.39,43.49,6.45,226.07,Papaya
54,123,163,26.55,46.28,7.2,238.57,Papaya
48,108,152,25.24,44.13,6.58,236.33,Papaya
49,120,168,27.8,43.01,7.13,222.6,Papaya
56,122,156,27.97,47.93,6.64,236.63,Papaya
44,120,164,27.81,52.35,6.8,225.73,Papaya
54,109,162,25.82,49.49,6.51,225.08,Papaya
44,113,163,28.04,47.57,6.82,237.71,Papaya
38,109,150,28.29,44.72,6.87,237.71,Papaya
55,113,159,27.58,46.22,7.04,240.61,Papaya
40,122,151,25.78,51.7,6.83,229.82,Papaya
56,109,167,27.03,43.83,6.64,223.76,Papaya
40,118,155,25.15,49.61,6.86,228.63,Papaya
52,116,166,28.11,46.73,6.91,223.57,Papaya
44,115,161,28.37,45.96,6.8,228.61,Papaya
45,113,156,27.34,44.18,6.91,239.19,Papaya
54,117,154,26.2,47.18,6.68,224.88,Papaya
45,115,168,26.37,45.05,6.46,226.68,Papaya
44,119,170,26.72,48.68,6.41,235.97,Papaya
42,121,157,28.43,51.06,6.59,227.15,Papaya
45,107,156,28.19,48.67,6.99,223.15,Papaya
55,116,163,27.42,50.63,6.96,238.73,Papaya
45,118,161,28.0,46.03,7.02,237.36,Papaya
48,114,158,26.61,44.91,6.24,222.65,Papaya
45,119,152,26.51,48.16,6.52,235.7,Papaya
48,117,151,28.87,45.67,6.73,235.68,Papaya
42,107,156,26.29,48.22,6.35,229.78,Papaya
44,123,167,25.34,51.15,6.29,228.2,Papaya
53,121,160,27.93,49.26,7.06,223.11,Papaya
42,118,169,27.71,47.73,6.58,239.9,Papaya
49,124,152,26.75,48.37,6.23,231.45,Papaya
58,123,153,25.12,51.93,6.62,228.3,Papaya
40,115,165,25.89,52.11,6.97,235.01,Papaya
41,107,150,28.59,46.73,6.31,227.44,Papaya
56,105,152,28.02,48.26,6.86,239.48,Papaya
42,120,156,28.03,49.35,7.12,241.31,Papaya
44,115,158,25.8,46.37,6.81,222.67,Papaya
46,107,154,27.19,52.13,6.94,234.98,Papaya
58,125,165,25.76,43.09,7.14,229.99,Papaya
47,119,160,27.02,47.62,6.42,239.06,Papaya
44,108,153,25.84,44.43,6.93,233.91,Papaya
36,118,161,16.74,89.99,5.72,183.02,Coconut
54,126,149,17.03,93.23,6.15,175.72,Coconut
51,124,162,16.1,90.4,6.22,181.12,Coconut
56,116,167,15.46,91.79,5.61,174.16,Coconut
56,111,160,14.48,96.05,5.67,182.94,Coconut
55,113,160,14.07,93.08,5.98,179.01,Coconut
40,110,164,15.44,96.35,6.32,181.58,Coconut
46,122,150,15.2,88.62,5.64,177.36,Coconut
40,126,168,13.59,96.38,5.53,185.53,Coconut
36,128,154,14.06,88.86,6.08,183.77,Coconut
39,120,166,15.02,88.46,6.11,176.29,Coconut
39,113,163,15.47,88.94,5.81,173.09,Coconut
51,127,152,13.74,92.94,6.11,174.66,Coconut
46,117,153,14.66,89.88,6.1,187.95,Coconut
53,129,164,13.65,95.06,5.46,173.44,Coconut
44,130,151,17.11,93.51,6.42,175.76,Coconut
51,124,166,15.78,89.95,6.07,175.37,Coconut
55,122,167,14.65,95.74,6.44,180.74,Coconut
48,124,154,13.56,88.96,5.87,175.12,Coconut
38,127,149,15.35,88.35,5.59,182.92,Coconut
48,113,148,13.72,89.88,5.61,185.5,Coconut
51,111,149,14.18,91.37,5.92,189.89,Coconut
53,121,166,15.77,89.56,6.41,176.15,Coconut
46,113,150,14.93,93.58,5.76,177.87,Coconut
50,129,166,16.59,96.57,5.94,182.96,Coconut
37,116,165,16.68,92.0,5.71,187.47,Coconut
55,120,151,16.37,97.35,6.42,182.38,Coconut
42,113,162,16.18,93.09,5.46,171.97,Coconut
56,124,156,14.91,95.39,5.85,181.8,Coconut
54,121,164,16.68,97.28,6.09,186.14,Coconut
36,128,154,15.51,91.09,6.32,186.26,Coconut
56,130,168,14.47,89.93,6.39,172.55,Coconut
54,122,165,16.51,89.1,5.85,174.72,Coconut
56,127,154,16.72,90.1,6.2,186.65,Coconut
41,110,163,15.09,90.07,5.98,176.85,Coconut
45,126,153,14.31,96.44,6.33,180.14,Coconut
46,123,156,15.96,92.74,5.99,176.23,Coconut
37,124,165,15.78,95.89,6.31,170.36,Coconut
46,114,160,15.4,96.4,5.76,183.71,Coconut
44,113,159,13.4,92.32,6.15,182.26,Coconut
51,129,151,16.65,89.38,6.02,177.18,Coconut
41,129,163,14.09,90.47,5.5,172.65,Coconut
53,128,166,14.28,96.99,6.3,175.75,Coconut
38,123,159,14.92,96.31,6.14,187.43,Coconut
45,128,153,16.29,92.57,5.45,188.4,Coconut
51,113,151,15.23,96.53,5.73,179.27,Coconut
46,121,163,13.82,93.21,6.21,189.95,Coconut
37,127,151,17.09,94.66,5.55,184.29,Coconut
43,121,154,14.31,91.32,5.82,186.69,Coconut
51,114,160,13.31,95.61,6.34,181.58,Coconut
46,123,167,14.39,95.26,5.58,189.39,Coconut
37,128,166,15.13,93.88,6.33,186.52,Coconut
53,129,149,16.59,93.12,6.4,176.76,Coconut
46,128,163,14.14,89.68,5.64,175.44,Coconut
52,114,149,16.77,88.88,6.04,189.4,Coconut
52,122,164,17.02,98.02,5.89,182.28,Coconut
56,129,163,15.03,97.75,6.34,187.31,Coconut
36,118,148,16.43,92.51,5.73,181.15,Coconut
47,124,161,13.77,88.65,6.11,185.27,Coconut
48,111,150,16.67,88.9,6.15,170.94,Coconut
48,118,165,16.18,94.71,6.24,181.27,Coconut
50,123,151,16.95,92.56,5.8,187.8,Coconut
54,111,167,14.03,89.51,5.55,171.22,Coconut
47,122,161,16.93,93.68,5.8,175.33,Coconut
47,124,150,14.42,94.37,5.47,179.66,Coconut
36,115,153,14.39,90.12,5.56,183.77,Coconut
39,110,150,16.91,91.62,5.83,183.72,Coconut
36,119,162,16.91,90.1,6.15,177.88,Coconut
51,114,156,16.1,88.77,5.85,171.21,Coconut
54,120,153,14.03,95.29,6.3,171.08,Coconut
53,120,155,16.04,94.84,5.93,184.07,Coconut
49,127,150,15.74,96.17,6.27,177.54,Coconut
52,113,150,15.78,98.02,6.24,176.01,Coconut
39,117,159,16.28,89.15,5.66,184.18,Coconut
50,123,151,14.48,95.25,6.08,185.61,Coconut
49,127,157,14.06,93.9,5.46,178.69,Coconut
40,115,155,15.49,96.09,6.11,187.22,Coconut
48,128,161,16.83,97.43,6.28,175.46,Coconut
47,119,151,16.77,90.64,6.37,180.79,Coconut
47,128,161,16.62,93.5,5.79,170.94,Coconut
41,130,158,14.05,93.85,5.95,185.51,Coconut
37,110,149,15.78,90.92,6.29,178.82,Coconut
49,120,152,13.73,88.62,5.96,184.43,Coconut
40,112,160,14.04,88.31,5.5,179.91,Coconut
44,110,167,15.54,89.83,5.73,186.93,Coconut
49,110,167,16.1,93.92,5.59,177.64,Coconut
41,121,167,13.98,97.53,5.56,179.7,Coconut
50,114,152,15.02,90.89,6.39,179.66,Coconut
47,128,163,14.46,91.24,5.46,184.4,Coconut
53,118,153,16.26,88.07,5.88,176.67,Coconut
38,125,153,16.51,90.18,6.41,187.86,Coconut
46,112,154,13.41,96.17,5.48,176.04,Coconut
37,129,154,14.79,91.47,5.86,184.32,Coconut
48,116,168,17.06,89.13,5.84,177.75,Coconut
42,118,167,16.02,96.2,5.63,182.62,Coconut
53,130,150,13.91,93.93,5.99,186.11,Coconut
54,122,159,14.65,93.21,6.23,179.29,Coconut
45,123,156,13.18,96.39,5.71,178.25,Coconut
46,127,152,15.79,92.22,5.89,173.3,Coconut
48,114,152,13.57,90.55,5.86,181.39,Coconut
99,101,82,28.53,44.79,7.61,140.74,Cotton
93,105,97,29.44,51.15,7.88,159.09,Cotton
102,90,86,26.23,49.26,8.14,144.18,Cotton
105,91,98,28.22,49.95,7.97,153.99,Cotton
103,92,96,28.95,45.49,7.65,159.11,Cotton
97,89,97,28.04,53.2,7.64,154.72,Cotton
102,89,98,29.59,54.23,7.86,157.86,Cotton
103,103,91,29.47,45.06,8.18,143.76,Cotton
103,104,92,28.47,47.68,7.7,154.27,Cotton
92,104,95,27.11,51.54,8.0,149.13,Cotton
91,94,87,27.38,49.66,7.49,144.13,Cotton
101,97,98,27.55,46.7,7.55,140.0,Cotton
88,106,99,29.58,53.36,7.48,149.04,Cotton
94,97,87,28.54,52.97,7.77,154.61,Cotton
93,107,87,27.22,45.03,7.7,154.72,Cotton
102,98,83,29.17,52.84,8.26,144.02,Cotton
88,96,96,26.65,46.13,7.53,142.13,Cotton
101,108,91,29.28,46.62,8.29,147.8,Cotton
100,96,97,29.3,47.4,7.51,151.45,Cotton
100,107,85,28.32,48.76,7.64,143.6,Cotton
98,93,86,28.6,44.98,8.34,150.27,Cotton
99,101,90,26.08,46.21,7.89,147.92,Cotton
101,101,83,28.67,47.77,8.15,150.79,Cotton
96,89,87,29.41,49.97,7.36,148.36,Cotton
95,109,79,27.41,46.17,7.79,148.86,Cotton
102,94,92,26.57,53.55,7.86,146.13,Cotton
97,105,90,27.97,45.85,7.63,144.89,Cotton
100,105,93,28.22,48.39,8.31,152.22,Cotton
89,89,93,28.74,47.05,8.14,155.46,Cotton
103,98,79,28.64,52.13,7.61,141.1,Cotton
94,90,95,28.42,50.38,8.21,150.67,Cotton
103,95,98,29.25,52.01,7.58,159.58,Cotton
97,96,93,27.26,50.48,8.05,144.8,Cotton
98,107,79,26.62,46.56,7.4,156.89,Cotton
91,102,93,26.24,46.88,7.83,155.89,Cotton
95,107,94,27.55,45.37,7.88,148.82,Cotton
98,95,91,27.06,48.09,7.44,159.09,Cotton
92,92,92,28.43,53.18,8.12,152.62,Cotton
93,106,88,29.72,47.67,7.88,156.17,Cotton
88,108,98,27.83,50.12,7.41,156.38,Cotton
105,89,98,28.52,53.51,8.35,152.48,Cotton
96,96,84,27.97,46.18,8.27,158.2,Cotton
96,108,82,29.28,53.03,8.26,142.1,Cotton
96,101,82,29.27,48.07,7.57,146.21,Cotton
85,105,88,29.53,49.34,7.58,149.92,Cotton
93,99,92,28.3,48.62,7.55,157.76,Cotton
90,100,82,29.76,46.93,7.91,150.17,Cotton
86,97,91,30.01,47.02,8.22,149.09,Cotton
99,94,81,29.22,50.19,7.74,140.27,Cotton
92,107,79,27.86,45.41,8.14,142.52,Cotton
99,106,91,26.82,49.14,8.33,158.9,Cotton
93,95,88,27.15,46.79,8.11,157.3,Cotton
105,104,85,29.31,48.12,7.58,146.77,Cotton
99,108,81,28.85,46.42,7.55,156.68,Cotton
101,105,88,28.76,47.61,7.69,140.06,Cotton
88,103,81,29.84,52.44,7.36,142.59,Cotton
94,91,89,27.27,45.89,7.99,143.87,Cotton
95,90,99,27.43,46.1,8.07,147.69,Cotton
105,101,89,29.59,54.01,7.75,155.2,Cotton
85,108,97,27.7,51.57,8.21,149.67,Cotton
100,98,98,26.7,48.48,7.44,159.77,Cotton
104,96,92,28.7,45.03,7.82,141.04,Cotton
85,98,85,29.73,50.24,7.92,146.13,Cotton
93,100,94,26.61,45.96,7.51,155.87,Cotton
99,104,95,29.85,44.68,8.29,143.13,Cotton
102,102,89,29.79,53.18,7.41,150.75,Cotton
90,107,96,29.87,51.51,7.78,157.75,Cotton
100,94,96,28.12,49.01,7.47,159.56,Cotton
88,95,84,26.26,51.57,7.55,147.09,Cotton
88,106,94,27.49,47.06,7.39,145.32,Cotton
92,91,97,29.04,48.86,7.91,153.77,Cotton
95,91,87,27.55,53.23,8.22,153.88,Cotton
97,107,86,28.33,47.88,7.61,143.17,Cotton
104,90,84,26.94,45.3,7.91,155.61,Cotton
88,94,83,28.96,51.97,7.41,147.69,Cotton
105,102,96,29.9,53.79,7.83,154.1,Cotton
92,101,92,28.9,47.15,7.97,151.41,Cotton
92,94,81,29.76,53.67,7.77,147.57,Cotton
89,100,87,29.89,45.3,8.04,157.05,Cotton
99,97,85,28.03,45.9,7.4,150.83,Cotton
98,104,83,27.46,45.14,8.02,145.26,Cotton
96,91,97,27.2,44.81,7.69,158.66,Cotton
89,95,80,29.25,52.77,7.86,155.5,Cotton
105,106,88,29.64,47.26,7.35,140.4,Cotton
92,97,87,29.85,48.77,7.86,142.88,Cotton
91,105,96,26.36,52.01,7.49,156.78,Cotton
105,109,94,27.24,50.43,7.6,145.25,Cotton
104,99,96,27.42,45.16,8.11,158.05,Cotton
98,100,91,28.83,47.86,8.27,149.47,Cotton
99,90,86,27.8,46.48,7.76,149.4,Cotton
95,107,93,29.97,45.06,8.06,157.06,Cotton
104,100,92,26.44,53.97,8.14,144.14,Cotton
96,89,80,29.41,53.32,7.68,141.13,Cotton
86,100,93,28.96,48.17,8.32,158.78,Cotton
105,91,83,26.74,46.61,8.14,155.74,Cotton
104,95,82,26.38,49.71,8.1,156.4,Cotton
96,89,89,27.95,50.14,8.26,140.86,Cotton
98,100,86,28.64,52.98,8.12,154.61,Cotton
89,94,94,29.88,49.28,7.48,144.61,Cotton
86,104,83,27.59,50.45,7.46,142.53,Cotton
15,44,141,22.95,68.47,5.11,110.97,Jute
13,54,144,23.71,64.46,4.95,111.6,Jute
19,39,143,21.77,64.82,4.83,95.47,Jute
27,52,137,20.66,68.42,5.31,107.16,Jute
22,39,141,21.21,71.57,4.79,103.44,Jute
24,49,136,23.66,64.17,5.54,111.44,Jute
25,37,132,22.05,69.33,5.66,109.22,Jute
27,55,134,20.81,66.48,4.67,105.05,Jute
20,49,145,20.81,71.58,5.06,98.2,Jute
11,47,126,21.78,65.96,5.46,109.21,Jute
22,50,128,23.6,70.33,4.87,101.26,Jute
17,50,136,22.62,67.88,5.44,109.39,Jute
24,40,137,22.01,70.23,5.2,96.44,Jute
9,36,138,21.5,69.22,5.25,102.55,Jute
14,43,131,22.65,71.71,5.3,95.11,Jute
18,52,128,20.68,62.99,5.3,101.35,Jute
20,45,132,22.36,69.35,4.96,99.78,Jute
11,38,133,23.82,71.89,5.08,109.94,Jute
20,45,133,22.7,63.02,4.72,99.45,Jute
17,48,141,21.0,71.55,5.28,100.94,Jute
28,48,126,21.36,66.6,4.74,98.0,Jute
17,48,134,21.4,71.96,5.34,95.57,Jute
28,54,145,21.36,68.17,5.62,92.31,Jute
14,42,138,24.07,68.33,4.77,108.56,Jute
26,40,129,22.18,65.65,5.52,108.32,Jute
19,45,140,23.65,64.68,5.45,109.35,Jute
17,40,146,21.13,63.92,4.77,100.95,Jute
28,45,144,20.62,64.67,4.74,105.43,Jute
19,54,137,24.01,65.72,5.09,109.09,Jute
20,42,145,20.48,66.64,5.55,96.86,Jute
15,49,143,23.82,70.02,5.48,110.9,Jute
10,36,127,23.37,64.55,5.19,93.72,Jute
14,48,142,21.6,64.3,5.34,99.94,Jute
11,49,135,21.82,63.5,4.92,104.49,Jute
15,39,127,23.27,70.61,5.17,108.51,Jute
18,54,138,22.19,70.57,5.29,110.31,Jute
26,37,146,23.62,65.21,4.68,110.71,Jute
24,48,134,23.5,64.76,5.63,111.19,Jute
12,50,134,23.22,67.63,5.06,108.22,Jute
21,51,130,21.05,68.72,4.81,101.86,Jute
25,41,140,22.17,66.97,5.04,97.97,Jute
19,49,140,23.3,64.91,5.0,101.28,Jute
15,44,138,20.33,71.35,5.14,100.68,Jute
22,51,140,20.91,71.51,5.04,109.91,Jute
16,52,128,23.38,66.26,5.18,109.36,Jute
8,37,140,23.98,62.85,4.72,103.33,Jute
22,48,136,23.4,64.22,4.71,102.04,Jute
13,42,138,23.99,69.12,5.26,109.08,Jute
10,52,141,21.67,71.11,4.87,91.89,Jute
25,41,142,22.66,71.88,4.8,105.65,Jute
13,38,145,22.48,63.25,5.57,109.79,Jute
11,50,133,23.15,62.32,5.38,106.19,Jute
28,48,133,23.98,64.32,4.85,98.63,Jute
18,56,129,21.18,69.25,5.51,110.67,Jute
18,54,134,21.81,71.26,5.0,105.96,Jute
25,46,126,21.13,69.19,5.41,103.98,Jute
8,56,131,20.82,69.86,4.68,101.65,Jute
12,46,131,22.58,72.03,5.32,92.81,Jute
8,43,146,21.45,62.45,5.01,98.52,Jute
11,55,145,23.33,65.13,4.79,110.99,Jute
21,42,132,20.75,65.3,5.3,97.82,Jute
28,50,126,21.8,70.75,5.57,95.83,Jute
28,37,134,24.07,71.6,4.96,102.63,Jute
15,37,145,24.03,71.39,4.76,108.67,Jute
11,47,139,23.58,66.62,5.36,91.9,Jute
17,52,145,23.94,62.32,5.25,109.13,Jute
15,41,132,24.05,65.46,5.46,110.3,Jute
28,40,135,22.07,65.18,4.71,104.53,Jute
19,43,129,22.59,66.25,4.88,97.74,Jute
19,52,140,22.37,66.61,4.81,98.67,Jute
23,38,130,20.4,68.86,5.32,95.89,Jute
18,45,145,21.51,70.73,5.19,93.19,Jute
24,36,142,24.04,66.87,4.81,96.57,Jute
14,49,136,21.27,70.68,5.31,105.5,Jute
12,50,145,20.36,70.56,5.03,97.21,Jute
23,47,144,22.63,66.41,5.08,110.72,Jute
19,37,137,20.51,69.64,5.52,98.13,Jute
12,44,141,20.79,65.95,4.93,104.1,Jute
10,37,134,21.01,64.25,5.56,99.81,Jute
11,43,136,21.42,65.49,5.49,95.86,Jute
13,55,140,20.45,69.23,5.04,94.38,Jute
18,37,146,23.51,65.03,5.2,98.07,Jute
18,39,140,23.34,67.82,5.63,98.15,Jute
18,54,127,23.99,68.92,5.64,110.99,Jute
28,49,127,21.04,69.4,4.75,102.78,Jute
28,48,127,23.34,70.15,5.02,106.99,Jute
20,39,127,21.22,72.19,5.37,94.94,Jute
11,49,130,21.13,66.52,4.84,99.89,Jute
17,37,129,23.26,69.4,4.87,96.87,Jute
24,41,136,20.15,63.58,4.76,101.65,Jute
15,46,126,22.63,66.11,4.82,97.72,Jute
28,39,138,23.22,67.7,4.73,97.17,Jute
16,52,134,20.78,65.98,5.05,97.49,Jute
13,46,134,20.21,71.32,5.56,101.0,Jute
26,39,145,22.74,70.56,5.28,99.03,Jute
10,56,133,20.46,67.24,4.75,97.65,Jute
9,42,146,22.46,63.19,5.3,106.04,Jute
24,50,137,21.85,68.55,4.91,95.87,Jute
20,43,145,20.48,66.42,4.7,95.82,Jute
24,45,140,20.66,66.76,5.5,99.91,Jute
76,10,145,16.61,90.78,7.19,170.82,Coffee
85,18,160,19.92,97.1,6.84,169.46,Coffee
83,20,148,17.07,94.79,7.44,169.55,Coffee
91,25,143,19.79,96.52,6.53,169.79,Coffee
79,13,159,17.89,92.8,6.87,160.29,Coffee
74,24,161,18.55,98.95,7.37,159.11,Coffee
78,20,163,16.35,98.57,7.3,166.55,Coffee
74,12,150,20.03,94.2,6.79,156.38,Coffee
84,22,163,18.28,89.92,6.98,170.52,Coffee
80,10,143,19.9,90.1,6.51,162.65,Coffee
83,11,163,16.52,95.13,7.28,162.52,Coffee
75,19,157,18.51,90.28,6.56,170.03,Coffee
90,28,145,20.01,95.79,7.23,168.58,Coffee
73,22,157,18.27,92.32,6.8,162.96,Coffee
91,17,154,17.63,99.66,6.68,153.48,Coffee
85,24,157,17.89,91.26,7.36,161.5,Coffee
90,10,161,19.04,95.39,6.67,153.37,Coffee
79,9,153,16.1,90.47,7.2,156.03,Coffee
80,23,151,18.87,93.38,6.72,159.69,Coffee
82,22,159,17.13,90.26,6.52,156.74,Coffee
82,16,160,18.45,94.86,6.95,163.92,Coffee
83,14,156,19.79,91.94,7.16,165.43,Coffee
76,28,147,19.97,94.29,6.64,162.69,Coffee
91,10,155,18.85,91.78,6.71,164.75,Coffee
87,11,153,19.13,94.52,7.05,164.22,Coffee
82,23,151,19.97,94.98,6.67,169.24,Coffee
74,16,150,19.3,93.46,7.16,172.44,Coffee
73,16,162,19.52,90.75,6.53,161.88,Coffee
77,23,158,19.18,97.65,6.71,155.48,Coffee
91,22,143,16.2,94.57,6.55,167.4,Coffee
84,20,143,17.28,94.19,7.36,162.61,Coffee
77,25,145,16.08,97.74,7.37,155.35,Coffee
73,15,146,19.15,96.96,6.98,165.36,Coffee
76,13,152,19.35,93.07,7.05,156.74,Coffee
75,15,156,17.32,89.82,7.4,159.72,Coffee
82,28,152,19.05,97.92,6.82,155.53,Coffee
81,20,155,17.99,93.69,6.56,160.9,Coffee
74,24,152,19.48,91.23,6.71,165.34,Coffee
81,21,146,19.82,93.11,7.37,155.2,Coffee
88,19,158,17.42,94.98,6.62,154.22,Coffee
73,15,162,18.35,97.24,6.61,169.72,Coffee
77,20,152,18.29,93.22,7.12,170.59,Coffee
90,10,149,18.64,98.45,6.81,164.5,Coffee
82,20,148,19.92,99.18,7.15,153.26,Coffee
85,11,153,18.76,90.71,7.26,156.86,Coffee
86,11,150,19.42,96.48,7.4,164.73,Coffee
88,28,146,17.57,96.2,6.63,168.98,Coffee
87,15,147,19.67,96.08,7.15,162.27,Coffee
90,24,155,17.7,94.41,6.94,153.26,Coffee
93,9,157,16.5,91.15,7.22,167.97,Coffee
84,23,163,16.7,91.29,7.02,162.8,Coffee
88,19,156,18.13,98.73,6.51,158.34,Coffee
75,28,153,17.59,98.66,6.88,157.79,Coffee
84,9,154,17.73,96.66,6.89,159.28,Coffee
89,26,148,16.13,99.27,7.01,168.77,Coffee
91,10,145,16.94,90.84,6.81,167.01,Coffee
81,23,146,18.47,95.3,6.65,152.87,Coffee
84,12,145,17.54,99.27,6.84,154.99,Coffee
89,21,145,16.71,90.14,7.08,160.11,Coffee
88,14,153,17.02,99.38,7.44,165.73,Coffee
92,21,159,18.3,96.51,6.54,162.33,Coffee
88,20,161,16.79,93.58,6.59,171.49,Coffee
88,26,160,19.68,90.53,7.07,170.68,Coffee
79,16,148,19.93,99.11,7.41,171.63,Coffee
80,16,150,19.34,98.1,7.42,157.71,Coffee
78,9,160,18.23,97.28,7.31,158.52,Coffee
77,26,152,17.87,98.55,7.43,158.54,Coffee
83,20,143,19.68,92.0,6.69,162.49,Coffee
84,23,157,17.0,98.59,6.63,168.46,Coffee
80,19,143,19.92,93.03,6.93,166.94,Coffee
74,19,152,17.83,97.45,7.17,155.98,Coffee
88,22,163,19.59,98.21,7.1,171.62,Coffee
75,16,152,19.59,92.22,6.86,170.73,Coffee
82,11,160,17.4,96.96,7.19,168.43,Coffee
92,26,163,18.0,92.51,6.55,161.38,Coffee
81,26,154,18.29,94.91,6.62,159.94,Coffee
88,8,153,18.43,92.89,6.77,155.25,Coffee
88,14,148,19.68,93.03,7.12,162.67,Coffee
93,16,145,16.61,99.31,7.28,158.22,Coffee
79,18,145,19.9,99.44,7.22,154.94,Coffee
86,27,155,17.21,96.72,7.15,156.83,Coffee
84,23,153,19.52,94.77,6.89,163.66,Coffee
85,20,162,18.57,91.05,7.25,172.69,Coffee
91,10,144,20.03,92.31,7.15,153.47,Coffee
80,9,146,19.43,94.09,6.54,153.3,Coffee
80,16,162,19.05,95.32,6.99,162.53,Coffee
80,26,147,20.06,90.69,7.09,164.48,Coffee
75,23,161,19.38,95.69,6.88,166.71,Coffee
92,13,143,17.02,90.05,7.26,156.19,Coffee
93,17,146,17.29,93.99,6.69,170.44,Coffee
89,14,155,17.81,91.35,6.68,161.51,Coffee
82,27,146,17.17,97.42,7.33,162.45,Coffee
86,9,146,16.29,91.24,6.85,169.62,Coffee
75,16,162,19.4,94.25,6.52,156.91,Coffee
90,10,161,19.81,90.64,6.9,162.24,Coffee
93,16,150,18.51,92.79,7.29,169.61,Coffee
76,13,146,17.73,97.37,7.01,162.69,Coffee
86,14,162,19.31,94.66,7.08,164.8,Coffee
90,10,154,17.15,90.3,7.26,155.55,Coffee
88,22,160,16.65,97.9,6.63,161.89,Coffee
